run,off_support_fraction,effect,p_unweighted,s_unweighted,auc_logreg,p_logreg/source/0.25,ds_logreg/source/0.25,ess_src_logreg/source/0.25,ess_tgt_logreg/source/0.25,p_logreg/source/0.5,ds_logreg/source/0.5,ess_src_logreg/source/0.5,ess_tgt_logreg/source/0.5,p_logreg/source/0.75,ds_logreg/source/0.75,ess_src_logreg/source/0.75,ess_tgt_logreg/source/0.75,p_logreg/target/0.25,ds_logreg/target/0.25,ess_src_logreg/target/0.25,ess_tgt_logreg/target/0.25,p_logreg/target/0.5,ds_logreg/target/0.5,ess_src_logreg/target/0.5,ess_tgt_logreg/target/0.5,p_logreg/target/0.75,ds_logreg/target/0.75,ess_src_logreg/target/0.75,ess_tgt_logreg/target/0.75,p_logreg/both/0.25,ds_logreg/both/0.25,ess_src_logreg/both/0.25,ess_tgt_logreg/both/0.25,p_logreg/both/0.5,ds_logreg/both/0.5,ess_src_logreg/both/0.5,ess_tgt_logreg/both/0.5,p_logreg/both/0.75,ds_logreg/both/0.75,ess_src_logreg/both/0.75,ess_tgt_logreg/both/0.75,auc_rf_cal,p_rf_cal/source/0.25,ds_rf_cal/source/0.25,ess_src_rf_cal/source/0.25,ess_tgt_rf_cal/source/0.25,p_rf_cal/source/0.5,ds_rf_cal/source/0.5,ess_src_rf_cal/source/0.5,ess_tgt_rf_cal/source/0.5,p_rf_cal/source/0.75,ds_rf_cal/source/0.75,ess_src_rf_cal/source/0.75,ess_tgt_rf_cal/source/0.75,p_rf_cal/target/0.25,ds_rf_cal/target/0.25,ess_src_rf_cal/target/0.25,ess_tgt_rf_cal/target/0.25,p_rf_cal/target/0.5,ds_rf_cal/target/0.5,ess_src_rf_cal/target/0.5,ess_tgt_rf_cal/target/0.5,p_rf_cal/target/0.75,ds_rf_cal/target/0.75,ess_src_rf_cal/target/0.75,ess_tgt_rf_cal/target/0.75,p_rf_cal/both/0.25,ds_rf_cal/both/0.25,ess_src_rf_cal/both/0.25,ess_tgt_rf_cal/both/0.25,p_rf_cal/both/0.5,ds_rf_cal/both/0.5,ess_src_rf_cal/both/0.5,ess_tgt_rf_cal/both/0.5,p_rf_cal/both/0.75,ds_rf_cal/both/0.75,ess_src_rf_cal/both/0.75,ess_tgt_rf_cal/both/0.75,auc_hgb_cal,p_hgb_cal/source/0.25,ds_hgb_cal/source/0.25,ess_src_hgb_cal/source/0.25,ess_tgt_hgb_cal/source/0.25,p_hgb_cal/source/0.5,ds_hgb_cal/source/0.5,ess_src_hgb_cal/source/0.5,ess_tgt_hgb_cal/source/0.5,p_hgb_cal/source/0.75,ds_hgb_cal/source/0.75,ess_src_hgb_cal/source/0.75,ess_tgt_hgb_cal/source/0.75,p_hgb_cal/target/0.25,ds_hgb_cal/target/0.25,ess_src_hgb_cal/target/0.25,ess_tgt_hgb_cal/target/0.25,p_hgb_cal/target/0.5,ds_hgb_cal/target/0.5,ess_src_hgb_cal/target/0.5,ess_tgt_hgb_cal/target/0.5,p_hgb_cal/target/0.75,ds_hgb_cal/target/0.75,ess_src_hgb_cal/target/0.75,ess_tgt_hgb_cal/target/0.75,p_hgb_cal/both/0.25,ds_hgb_cal/both/0.25,ess_src_hgb_cal/both/0.25,ess_tgt_hgb_cal/both/0.25,p_hgb_cal/both/0.5,ds_hgb_cal/both/0.5,ess_src_hgb_cal/both/0.5,ess_tgt_hgb_cal/both/0.5,p_hgb_cal/both/0.75,ds_hgb_cal/both/0.75,ess_src_hgb_cal/both/0.75,ess_tgt_hgb_cal/both/0.75
0,0.1,0.0,0.003,8.380821783940931,0.5853395061728395,0.128,-5.415037499278844,165.32484454771813,180.0,0.053,-4.142957953842043,172.5054679584847,180.0,0.012,-2.0,177.60882986534293,180.0,0.269,-6.486499861835468,180.0,165.98526606657242,0.106,-5.142957953842043,180.0,173.02009522782112,0.024,-3.0,180.0,177.83941147071832,0.893,-8.217553864400067,165.32484454771813,165.98526606657242,0.471,-7.294620748891627,172.5054679584847,173.02009522782112,0.09,-4.906890595608519,177.60882986534293,177.83941147071832,0.5369135802469136,0.006,-1.0,175.70671096650864,180.0,0.003,0.0,178.0511403234475,180.0,0.003,0.0,179.4958211486315,180.0,0.009,-1.584962500721156,180.0,176.17074938665942,0.005,-0.7369655941662066,180.0,178.33276842010468,0.004,-0.4150374992788439,180.0,179.58651764379027,0.011,-1.8744691179161412,175.70671096650864,176.17074938665942,0.008,-1.415037499278844,178.0511403234475,178.33276842010468,0.005,-0.7369655941662066,179.4958211486315,179.58651764379027,0.5461265432098765,0.01,-1.7369655941662066,173.22799777248133,180.0,0.007,-1.2223924213364477,176.8994393596435,180.0,0.004,-0.4150374992788439,179.1771337006035,180.0,0.01,-1.7369655941662066,180.0,174.20914899331703,0.007,-1.2223924213364477,180.0,177.55867831864293,0.004,-0.4150374992788439,180.0,179.40507513843335,0.036,-3.584962500721156,173.22799777248133,174.20914899331703,0.015,-2.321928094887362,176.8994393596435,177.55867831864293,0.007,-1.2223924213364477,179.1771337006035,179.40507513843335
1,0.1,0.0,0.02,5.643856189774724,0.5807716049382716,0.289,-3.852997587613316,167.00738903947754,180.0,0.15,-2.9068905956085183,173.60210291467084,180.0,0.058,-1.5360529002402092,178.053857448047,180.0,0.551,-4.783980413683795,180.0,167.4557605484716,0.298,-3.8972404255747986,180.0,173.76909354099277,0.113,-2.498250867527825,180.0,178.06674079333493,0.955,-5.577428828035749,167.00738903947754,167.4557605484716,0.718,-5.165911938935689,173.60210291467084,173.76909354099277,0.249,-3.6380738371807184,178.053857448047,178.06674079333493,0.5780246913580248,0.029,-0.5360529002402092,173.16936708623268,180.0,0.025,-0.3219280948873617,176.85608962308171,180.0,0.022,-0.1375035237499347,179.17828726524036,180.0,0.049,-1.2927817492278455,180.0,172.7881217198095,0.038,-0.9259994185562226,180.0,176.69649379351486,0.027,-0.4329594072761056,180.0,179.14138639666345,0.064,-1.6780719051126374,173.16936708623268,172.7881217198095,0.045,-1.1699250014423122,176.85608962308171,176.69649379351486,0.027,-0.4329594072761056,179.17828726524036,179.14138639666345,0.5370216049382717,0.041,-1.0356239097307212,175.30397588611277,180.0,0.032,-0.6780719051126374,177.8403646002208,180.0,0.023,-0.2016338611696504,179.42776905470157,180.0,0.049,-1.2927817492278455,180.0,176.12372761225808,0.038,-0.9259994185562226,180.0,178.31722673286092,0.027,-0.4329594072761056,180.0,179.5807789654242,0.093,-2.217230716220669,175.30397588611277,176.12372761225808,0.054,-1.4329594072761056,177.8403646002208,178.31722673286092,0.035,-0.8073549220576037,179.42776905470157,179.5807789654242
2,0.1,0.0,0.06,4.058893689053568,0.5545061728395062,0.473,-2.9788057777308765,169.87118768062317,180.0,0.3,-2.3219280948873617,174.80626501146466,180.0,0.158,-1.3968901525685844,178.35844724597706,180.0,0.705,-3.554588851677637,180.0,169.8366764724334,0.495,-3.0443941193584534,180.0,174.7905203834148,0.252,-2.0703893278913976,180.0,178.3543769395651,0.967,-4.010481483868323,169.87118768062317,169.8366764724334,0.803,-3.742365581908796,174.80626501146466,174.7905203834148,0.436,-2.8612937291684073,178.35844724597706,178.3543769395651,0.4797222222222222,0.079,-0.3968901525685844,179.027849056756,180.0,0.072,-0.2630344058337934,179.5690381999041,180.0,0.066,-0.1375035237499347,179.89188676552865,180.0,0.078,-0.3785116232537295,180.0,179.01436886613132,0.074,-0.3025627700204309,180.0,179.5592680212962,0.071,-0.242856523896163,180.0,179.88851432327016,0.09,-0.5849625007211561,179.027849056756,179.01436886613132,0.08,-0.4150374992788435,179.5690381999041,179.5592680212962,0.07,-0.2223924213364476,179.89188676552865,179.88851432327016,0.4341203703703704,0.091,-0.6009040445901777,178.93952192905834,180.0,0.08,-0.4150374992788435,179.5298550312579,180.0,0.069,-0.2016338611696504,179.88119532293584,180.0,0.074,-0.3025627700204309,180.0,178.62537684117223,0.072,-0.2630344058337934,180.0,179.40412022216546,0.07,-0.2223924213364476,180.0,179.8524474596002,0.093,-0.6322682154995127,178.93952192905834,178.62537684117223,0.088,-0.5525410230287786,179.5298550312579,179.40412022216546,0.073,-0.2829339632714984,179.88119532293584,179.8524474596002
3,0.1,0.0,0.018,5.795859283219775,0.5944444444444444,0.411,-4.513069582239371,163.093717495608,180.0,0.196,-3.444784842672896,171.34332552456,180.0,0.069,-1.938599455335857,177.13767617869593,180.0,0.666,-5.20945336562895,180.0,162.9902342156302,0.375,-4.380821783940931,180.0,171.17040468396684,0.117,-2.700439718141092,180.0,177.08678620693357,0.984,-5.772589503896928,163.093717495608,162.9902342156302,0.834,-5.5339785720023515,171.34332552456,171.17040468396684,0.334,-4.21377929103174,177.13767617869593,177.08678620693357,0.5667283950617285,0.03,-0.7369655941662066,172.6672631989777,180.0,0.027,-0.5849625007211561,176.67793670393766,180.0,0.023,-0.3536369546147009,179.14282933118378,180.0,0.068,-1.9175378398080272,180.0,173.4576821562554,0.044,-1.2895066171949852,180.0,177.0715311307117,0.034,-0.917537839808027,180.0,179.2518724519497,0.118,-2.712718047919529,172.6672631989777,173.4576821562554,0.066,-1.8744691179161412,176.67793670393766,177.0715311307117,0.037,-1.039528364186637,179.14282933118378,179.2518724519497,0.5447376543209876,0.039,-1.1154772174199366,175.64370080684813,180.0,0.032,-0.8300749985576878,178.06567886936207,180.0,0.022,-0.2895066171949851,179.4993047342677,180.0,0.066,-1.8744691179161412,180.0,176.0828507290713,0.048,-1.415037499278844,180.0,178.117526064215,0.032,-0.8300749985576878,180.0,179.47103763258906,0.141,-2.969626350956481,175.64370080684813,176.0828507290713,0.075,-2.0588936890535687,178.06567886936207,178.117526064215,0.039,-1.1154772174199366,179.4993047342677,179.47103763258906
4,0.1,0.0,0.074,3.7563309190331378,0.5877469135802469,0.655,-3.145897730795863,163.25103692962665,180.0,0.461,-2.6391695748003885,170.8896579254827,180.0,0.228,-1.623436648535792,176.81435289744303,180.0,0.908,-3.617095121661966,180.0,162.41520276625624,0.713,-3.2683049008149383,180.0,171.10066465165426,0.37,-2.321928094887362,180.0,177.08293342714006,0.997,-3.751996328769246,163.25103692962665,162.41520276625624,0.97,-3.71238757144554,170.8896579254827,171.10066465165426,0.684,-3.208399149256948,176.81435289744303,177.08293342714006,0.5571604938271605,0.13,-0.8129144473995047,176.6892912729216,180.0,0.105,-0.5047921520371728,178.51156334999274,180.0,0.087,-0.2334901302197782,179.62097517495,180.0,0.143,-0.9504179711494394,180.0,176.1380084778161,0.118,-0.6731896837328915,180.0,178.25383846686583,0.096,-0.3755091350922064,180.0,179.55356831082975,0.197,-1.4125984538274268,176.6892912729216,176.1380084778161,0.147,-0.9902189792074148,178.51156334999274,178.25383846686583,0.109,-0.5587309591479768,179.62097517495,179.55356831082975,0.6095987654320988,0.132,-0.8349407537295037,172.76308268341762,180.0,0.107,-0.5320136207721973,176.81896673935594,180.0,0.089,-0.2662800653374479,179.18498721969155,180.0,0.257,-1.7961711835649283,180.0,171.12923544118215,0.188,-1.3451354860486875,180.0,175.88851731321506,0.133,-0.8458290698722402,180.0,178.90201513316975,0.372,-2.3297054454790818,172.76308268341762,171.12923544118215,0.254,-1.7792313211432162,176.81896673935594,175.88851731321506,0.148,-1.0,179.18498721969155,178.90201513316975
5,0.1,0.0,0.001,9.965784284662089,0.6342592592592593,0.006,-2.584962500721156,157.48006860675923,180.0,0.001,0.0,168.17729140042232,180.0,0.001,0.0,175.7674995211502,180.0,0.096,-6.584962500721156,180.0,151.85965778320352,0.012,-3.584962500721156,180.0,164.15911349758093,0.002,-1.0,180.0,173.86029670887427,0.809,-9.659995892429976,157.48006860675923,151.85965778320352,0.243,-7.92481250360578,168.17729140042232,164.15911349758093,0.005,-2.321928094887362,175.7674995211502,173.86029670887427,0.5662345679012346,0.001,0.0,176.31458975116846,180.0,0.001,0.0,178.39565055919755,180.0,0.001,0.0,179.6023908409599,180.0,0.001,0.0,180.0,176.66045004855383,0.001,0.0,180.0,178.49348959209036,0.001,0.0,180.0,179.61278536113574,0.001,0.0,176.31458975116846,176.66045004855383,0.001,0.0,178.39565055919755,178.49348959209036,0.001,0.0,179.6023908409599,179.61278536113574,0.6122376543209878,0.001,0.0,173.7177370498196,180.0,0.001,0.0,177.47147255069132,180.0,0.001,0.0,179.39140833804774,180.0,0.001,0.0,180.0,171.69987782663642,0.001,0.0,180.0,175.63173071380658,0.001,0.0,180.0,178.60096795296516,0.004,-2.0,173.7177370498196,171.69987782663642,0.001,0.0,177.47147255069132,175.63173071380658,0.001,0.0,179.39140833804774,178.60096795296516
6,0.1,0.0,0.001,9.965784284662089,0.6172530864197531,0.042,-5.392317422778761,159.97904785689113,180.0,0.008,-3.0,169.93873001820754,180.0,0.001,0.0,176.76117900067928,180.0,0.064,-6.0,180.0,159.86326536037342,0.016,-4.0,180.0,169.38489510679327,0.003,-1.584962500721156,180.0,176.34480773967226,0.783,-9.61286849729104,159.97904785689113,159.86326536037342,0.248,-7.954196310386875,169.93873001820754,169.38489510679327,0.016,-4.0,176.76117900067928,176.34480773967226,0.5302777777777778,0.001,0.0,175.74612091832452,180.0,0.001,0.0,178.12949874171824,180.0,0.001,0.0,179.53090156691167,180.0,0.001,0.0,180.0,176.46261103480376,0.001,0.0,180.0,178.42074380420885,0.001,0.0,180.0,179.59784487405895,0.001,0.0,175.74612091832452,176.46261103480376,0.001,0.0,178.12949874171824,178.42074380420885,0.001,0.0,179.53090156691167,179.59784487405895,0.5277623456790124,0.001,0.0,174.96764002838094,180.0,0.001,0.0,177.60438099186618,180.0,0.001,0.0,179.33971150053,180.0,0.001,0.0,180.0,175.70793740689643,0.001,0.0,180.0,178.182314776433,0.001,0.0,180.0,179.54688302741656,0.006,-2.584962500721156,174.96764002838094,175.70793740689643,0.002,-1.0,177.60438099186618,178.182314776433,0.001,0.0,179.33971150053,179.54688302741656
7,0.1,0.0,0.003,8.380821783940931,0.5875925925925927,0.125,-5.380821783940931,164.59701644581222,180.0,0.035,-3.5443205162238103,172.14826029669453,180.0,0.01,-1.7369655941662066,177.46947464317157,180.0,0.189,-5.977279923499916,180.0,164.924356763381,0.07,-4.54432051622381,180.0,172.24663774610423,0.019,-2.662965012722429,180.0,177.37064090926128,0.823,-8.09978611970047,164.59701644581222,164.924356763381,0.439,-7.193114628814202,172.14826029669453,172.24663774610423,0.068,-4.502500340529183,177.46947464317157,177.37064090926128,0.5643827160493827,0.004,-0.4150374992788439,175.07074734195567,180.0,0.004,-0.4150374992788439,177.78319815646998,180.0,0.003,0.0,179.4347687522119,180.0,0.006,-1.0,180.0,175.1889685208049,0.005,-0.7369655941662066,180.0,177.81530866019196,0.004,-0.4150374992788439,180.0,179.4370130222688,0.008,-1.415037499278844,175.07074734195567,175.1889685208049,0.006,-1.0,177.78319815646998,177.81530866019196,0.004,-0.4150374992788439,179.4347687522119,179.4370130222688,0.5615586419753087,0.005,-0.7369655941662066,176.110349482731,180.0,0.004,-0.4150374992788439,178.2351782491354,180.0,0.004,-0.4150374992788439,179.53739026673446,180.0,0.007,-1.2223924213364477,180.0,176.4596939564796,0.005,-0.7369655941662066,180.0,178.44191998071742,0.005,-0.7369655941662066,180.0,179.60772175259868,0.011,-1.8744691179161412,176.110349482731,176.4596939564796,0.008,-1.415037499278844,178.2351782491354,178.44191998071742,0.005,-0.7369655941662066,179.53739026673446,179.60772175259868
8,0.1,0.0,0.002,8.965784284662087,0.5613888888888889,0.047,-4.554588851677638,170.15014776908515,180.0,0.022,-3.4594316186372973,175.0802713636106,180.0,0.006,-1.584962500721156,178.5102979172504,180.0,0.173,-6.434628227636725,180.0,169.40785664381244,0.064,-5.0,180.0,174.7580573400915,0.014,-2.8073549220576037,180.0,178.42985200751033,0.658,-8.361943773735241,170.15014776908515,169.40785664381244,0.24,-6.906890595608518,175.0802713636106,174.7580573400915,0.041,-4.357552004618084,178.5102979172504,178.42985200751033,0.5853395061728395,0.002,0.0,173.75498133711466,180.0,0.002,0.0,177.16266505773203,180.0,0.002,0.0,179.26316995063706,180.0,0.005,-1.3219280948873626,180.0,173.19237750688387,0.004,-1.0,180.0,176.98811677188226,0.002,0.0,180.0,179.2366289901984,0.005,-1.3219280948873626,173.75498133711466,173.19237750688387,0.003,-0.5849625007211561,177.16266505773203,176.98811677188226,0.002,0.0,179.26316995063706,179.2366289901984,0.591574074074074,0.004,-1.0,172.995633953447,180.0,0.002,0.0,176.6810448568875,180.0,0.002,0.0,179.06453203803193,180.0,0.008,-2.0,180.0,172.55599233681653,0.005,-1.3219280948873626,180.0,176.89554929325365,0.003,-0.5849625007211561,180.0,179.21653574883138,0.018,-3.169925001442312,172.995633953447,172.55599233681653,0.007,-1.8073549220576035,176.6810448568875,176.89554929325365,0.004,-1.0,179.06453203803193,179.21653574883138
9,0.1,0.0,0.001,9.965784284662089,0.6286728395061729,0.009,-3.169925001442312,153.08258164980535,180.0,0.002,-1.0,165.16921300792436,180.0,0.001,0.0,174.4041915931776,180.0,0.132,-7.044394119358453,180.0,152.93130986075244,0.023,-4.523561956057013,180.0,164.10083471563487,0.002,-1.0,180.0,173.80054835380102,0.918,-9.842350343413807,153.08258164980535,152.93130986075244,0.394,-8.622051819456376,165.16921300792436,164.10083471563487,0.017,-4.087462841250339,174.4041915931776,173.80054835380102,0.6610493827160495,0.001,0.0,158.33026962278612,180.0,0.001,0.0,169.49154186821315,180.0,0.001,0.0,177.07176061208318,180.0,0.001,0.0,180.0,161.05576141787606,0.001,0.0,180.0,170.97768354616068,0.001,0.0,180.0,177.51196413866737,0.004,-2.0,158.33026962278612,161.05576141787606,0.001,0.0,169.49154186821315,170.97768354616068,0.001,0.0,177.07176061208318,177.51196413866737,0.6671913580246914,0.001,0.0,153.77919749154023,180.0,0.001,0.0,164.74307604375164,180.0,0.001,0.0,173.75799091929815,180.0,0.002,-1.0,180.0,155.892681804914,0.001,0.0,180.0,168.53069642901053,0.001,0.0,180.0,176.11957041597915,0.071,-6.149747119504681,153.77919749154023,155.892681804914,0.007,-2.8073549220576037,164.74307604375164,168.53069642901053,0.001,0.0,173.75799091929815,176.11957041597915
10,0.1,0.0,0.02,5.643856189774724,0.5579012345679013,0.31,-3.954196310386875,166.41610646075196,180.0,0.167,-3.0617761975866897,172.4833110381688,180.0,0.085,-2.087462841250339,177.3891800506722,180.0,0.519,-4.697662633470518,180.0,167.84833459261952,0.27,-3.754887502163468,180.0,173.68895104508246,0.103,-2.3645724322958555,180.0,177.92086601415824,0.945,-5.562242424221072,166.41610646075196,167.84833459261952,0.717,-5.163901213814542,172.4833110381688,173.68895104508246,0.257,-3.6836964543065154,177.3891800506722,177.92086601415824,0.5368827160493828,0.027,-0.4329594072761056,178.23265384640908,180.0,0.025,-0.3219280948873617,179.21026504441326,180.0,0.024,-0.2630344058337934,179.8003841868854,180.0,0.028,-0.4854268271702411,180.0,178.22439540166516,0.027,-0.4329594072761056,180.0,179.20227873815986,0.026,-0.3785116232537291,180.0,179.79756587288068,0.038,-0.9259994185562226,178.23265384640908,178.22439540166516,0.029,-0.5360529002402092,179.21026504441326,179.20227873815986,0.026,-0.3785116232537291,179.8003841868854,179.79756587288068,0.5564043209876544,0.068,-1.765534746362977,172.98447696771672,180.0,0.048,-1.2630344058337934,176.74006566577788,180.0,0.031,-0.6322682154995123,179.0983278777393,180.0,0.035,-0.8073549220576037,180.0,174.52438435306283,0.031,-0.6322682154995123,180.0,177.5823096730302,0.028,-0.4854268271702411,180.0,179.37461557973143,0.102,-2.350497247084133,172.98447696771672,174.52438435306283,0.064,-1.6780719051126374,176.74006566577788,177.5823096730302,0.04,-1.0,179.0983278777393,179.37461557973143
11,0.1,0.0,0.035,4.836501267717121,0.5610493827160493,0.363,-3.3745427210507843,169.70582371427471,180.0,0.2,-2.5145731728297585,174.96967260179247,180.0,0.103,-1.5572175102382515,178.45047220003198,180.0,0.51,-3.865070419913891,180.0,171.394094239139,0.313,-3.160735829987652,180.0,175.64504042292467,0.137,-1.9687490660155604,180.0,178.67113374190308,0.918,-4.713067326468842,169.70582371427471,171.394094239139,0.669,-4.2565793836964945,174.96967260179247,175.64504042292467,0.274,-2.9687490660155604,178.45047220003198,178.67113374190308,0.4544753086419753,0.033,0.0848888975865129,179.370255692936,180.0,0.033,0.0848888975865129,179.72157314174416,180.0,0.034,0.0418201756946272,179.93063807378505,180.0,0.042,-0.2630344058337943,180.0,179.36220493486593,0.039,-0.1561192019172823,180.0,179.7174824400075,0.039,-0.1561192019172823,180.0,179.92946972787402,0.035,0.0,179.370255692936,179.36220493486593,0.035,0.0,179.72157314174416,179.7174824400075,0.035,0.0,179.93063807378505,179.92946972787402,0.4159876543209877,0.034,0.0418201756946272,179.22313245841303,180.0,0.034,0.0418201756946272,179.65812881310336,180.0,0.035,0.0,179.91491626645353,180.0,0.036,-0.0406419844973457,180.0,179.09602965226597,0.037,-0.0801703486839828,180.0,179.60186008468392,0.038,-0.1186444964986188,180.0,179.90085061579703,0.032,0.1292830169449663,179.22313245841303,179.09602965226597,0.034,0.0418201756946272,179.65812881310336,179.60186008468392,0.035,0.0,179.91491626645353,179.90085061579703
12,0.1,0.0,0.023,5.442222328605074,0.5689814814814815,0.267,-3.5371339756305407,165.70494610193973,180.0,0.152,-2.724365557386572,172.3220438479172,180.0,0.072,-1.646363045385299,177.39991785215426,180.0,0.574,-4.6413449706186745,180.0,165.69573479757372,0.318,-3.7893209992273422,180.0,172.78456752468395,0.112,-2.283792966000591,180.0,177.75342566136575,0.969,-5.396790899358068,165.70494610193973,165.69573479757372,0.718,-4.964278077766038,172.3220438479172,172.78456752468395,0.263,-3.515357033235289,177.39991785215426,177.75342566136575,0.5357098765432099,0.028,-0.2837929660005907,178.94923839441935,180.0,0.028,-0.2837929660005907,179.53135346151848,180.0,0.025,-0.1202942337177113,179.88207591463794,180.0,0.038,-0.7243655573865722,180.0,178.96981893877648,0.033,-0.5208321633014403,180.0,179.53783576467433,0.028,-0.2837929660005907,180.0,179.8830493138418,0.044,-0.9358696625802844,178.94923839441935,178.96981893877648,0.036,-0.6463630453852991,179.53135346151848,179.53783576467433,0.028,-0.2837929660005907,179.88207591463794,179.8830493138418,0.563858024691358,0.048,-1.061400544664143,175.31315951335037,180.0,0.036,-0.6463630453852991,177.88197204527853,180.0,0.028,-0.2837929660005907,179.44211057729018,180.0,0.07,-1.6057210608879533,180.0,175.59187657113168,0.058,-1.3344190390705588,180.0,178.05564331070977,0.039,-0.7618402628052356,180.0,179.49327418575615,0.129,-2.487665299366241,175.31315951335037,175.59187657113168,0.078,-1.7618402628052352,177.88197204527853,178.05564331070977,0.045,-0.9682911402726616,179.44211057729018,179.49327418575615
13,0.1,0.0,0.001,9.965784284662089,0.6476234567901233,0.045,-5.491853096329675,150.04582089252108,180.0,0.009,-3.169925001442312,161.98869209974333,180.0,0.002,-1.0,172.1098051502943,180.0,0.234,-7.870364719583405,180.0,151.45791468721134,0.034,-5.087462841250339,180.0,163.9038352854921,0.002,-1.0,180.0,173.5931379515133,0.965,-9.914385132155443,150.04582089252108,151.45791468721134,0.632,-9.303780748177102,161.98869209974333,163.9038352854921,0.058,-5.857980995127572,172.1098051502943,173.5931379515133,0.5053549382716049,0.001,0.0,179.3769759342954,180.0,0.001,0.0,179.72040484008988,180.0,0.001,0.0,179.92920278416065,180.0,0.001,0.0,180.0,179.3100980381044,0.001,0.0,180.0,179.69539932060428,0.001,0.0,180.0,179.9240959917222,0.001,0.0,179.3769759342954,179.3100980381044,0.001,0.0,179.72040484008988,179.69539932060428,0.001,0.0,179.92920278416065,179.9240959917222,0.5726851851851851,0.001,0.0,171.2334563625263,180.0,0.001,0.0,175.74787513744403,180.0,0.001,0.0,178.75044047639855,180.0,0.001,0.0,180.0,172.52624546652,0.001,0.0,180.0,176.40080209713415,0.001,0.0,180.0,178.9761849642301,0.004,-2.0,171.2334563625263,172.52624546652,0.002,-1.0,175.74787513744403,176.40080209713415,0.001,0.0,178.75044047639855,178.9761849642301
14,0.1,0.0,0.008,6.965784284662087,0.5726234567901234,0.255,-4.994353436858858,166.7277260404076,180.0,0.101,-3.658211482751794,173.24394559997114,180.0,0.034,-2.087462841250339,177.83612646725268,180.0,0.333,-5.379378367071262,180.0,167.93937757166432,0.14,-4.129283016944966,180.0,173.80446735813922,0.049,-2.6147098441152083,180.0,177.99320916408456,0.911,-6.83130724380205,166.7277260404076,167.93937757166432,0.594,-6.2143191208007655,173.24394559997114,173.80446735813922,0.142,-4.149747119504681,177.83612646725268,177.99320916408456,0.5695061728395061,0.012,-0.5849625007211561,175.60881809218472,180.0,0.009,-0.1699250014423121,178.03259860519336,180.0,0.008,0.0,179.50004568219563,180.0,0.018,-1.1699250014423122,180.0,175.45217619451913,0.014,-0.8073549220576037,180.0,177.9596745681409,0.01,-0.3219280948873626,180.0,179.48242792970393,0.021,-1.3923174227787607,175.60881809218472,175.45217619451913,0.019,-1.2479275134435852,178.03259860519336,177.9596745681409,0.009,-0.1699250014423121,179.50004568219563,179.48242792970393,0.5364814814814814,0.018,-1.1699250014423122,177.84318265713725,180.0,0.016,-1.0,179.0511494284112,180.0,0.009,-0.1699250014423121,179.7619688365586,180.0,0.02,-1.3219280948873626,180.0,178.09325315113608,0.017,-1.087462841250339,180.0,179.16610167781462,0.011,-0.4594316186372973,180.0,179.7929487221848,0.032,-2.0,177.84318265713725,178.09325315113608,0.022,-1.459431618637297,179.0511494284112,179.16610167781462,0.015,-0.9068905956085188,179.7619688365586,179.7929487221848
15,0.1,0.0,0.013,6.265344566520995,0.5616975308641975,0.226,-4.119739244274096,170.10351335664416,180.0,0.115,-3.1450503328032835,175.04145651303423,180.0,0.046,-1.823122237915921,178.47386061302106,180.0,0.388,-4.899473124046036,180.0,170.1935482302968,0.198,-3.9289169019385177,180.0,175.1906853293965,0.063,-2.2768402053588246,180.0,178.56721785573387,0.876,-6.074347341460082,170.10351335664416,170.1935482302968,0.559,-5.426264754702099,175.04145651303423,175.1906853293965,0.171,-3.717412796744806,178.47386061302106,178.56721785573387,0.5463271604938271,0.027,-1.0544477840223765,174.50652061911435,180.0,0.016,-0.2995602818589082,177.527844260841,180.0,0.014,-0.1069152039165119,179.36387878669387,180.0,0.023,-0.8231222379159213,180.0,174.70911110101082,0.02,-0.6214883767462709,180.0,177.67159861304802,0.015,-0.2064508774674269,180.0,179.4126976057633,0.045,-1.791413378188583,174.50652061911435,174.70911110101082,0.032,-1.2995602818589085,177.527844260841,177.67159861304802,0.016,-0.2995602818589082,179.36387878669387,179.4126976057633,0.5759104938271605,0.04,-1.6214883767462709,175.48850696929824,180.0,0.023,-0.8231222379159213,177.96670634431166,180.0,0.015,-0.2064508774674269,179.47714635954748,180.0,0.03,-1.206450877467427,180.0,175.32881281722618,0.023,-0.8231222379159213,180.0,177.99378260098462,0.015,-0.2064508774674269,180.0,179.5084025110588,0.071,-2.44930740136359,175.48850696929824,175.32881281722618,0.041,-1.657112286476992,177.96670634431166,177.99378260098462,0.021,-0.691877704637669,179.47714635954748,179.5084025110588
16,0.1,0.0,0.003,8.380821783940931,0.5754012345679012,0.192,-6.0,164.0721657184563,180.0,0.068,-4.502500340529183,171.4658199182582,180.0,0.02,-2.7369655941662066,177.0990676946388,180.0,0.38,-6.984893107609792,180.0,164.5942925098271,0.163,-5.763765653509921,180.0,171.66108652262778,0.041,-3.772589503896928,180.0,177.0788901555061,0.94,-8.291554445843843,164.0721657184563,164.5942925098271,0.642,-7.741466986401147,171.4658199182582,171.66108652262778,0.153,-5.672425341971495,177.0990676946388,177.0788901555061,0.5808333333333332,0.015,-2.321928094887362,171.8031638436213,180.0,0.012,-2.0,176.18579320263535,180.0,0.005,-0.7369655941662066,178.9857915660957,180.0,0.009,-1.584962500721156,180.0,173.7846019548387,0.007,-1.2223924213364477,180.0,177.2119390184223,0.004,-0.4150374992788439,180.0,179.2864501761578,0.028,-3.2223924213364477,171.8031638436213,173.7846019548387,0.019,-2.662965012722429,176.18579320263535,177.2119390184223,0.008,-1.415037499278844,178.9857915660957,179.2864501761578,0.5966666666666667,0.045,-3.9068905956085183,165.04195424665627,180.0,0.024,-3.0,172.06027053060492,180.0,0.012,-2.0,177.29938828048105,180.0,0.026,-3.1154772174199357,180.0,170.5283983278851,0.015,-2.321928094887362,180.0,175.49293605824113,0.008,-1.415037499278844,180.0,178.69546667100548,0.183,-5.930737337562887,165.04195424665627,170.5283983278851,0.077,-4.681824039973746,172.06027053060492,175.49293605824113,0.022,-2.8744691179161412,177.29938828048105,178.69546667100548
17,0.1,0.0,0.001,9.965784284662089,0.634537037037037,0.303,-8.24317398347295,151.68322095833167,180.0,0.091,-6.507794640198696,164.7623297378501,180.0,0.015,-3.9068905956085183,174.5011486653735,180.0,0.272,-8.087462841250339,180.0,157.72369715349683,0.087,-6.442943495848728,180.0,167.7160496135604,0.016,-4.0,180.0,175.27369060788277,0.984,-9.94251450533924,151.68322095833167,157.72369715349683,0.759,-9.567956075415466,164.7623297378501,167.7160496135604,0.164,-7.357552004618084,174.5011486653735,175.27369060788277,0.6171450617283951,0.003,-1.584962500721156,165.6459790845954,180.0,0.001,0.0,173.35917436062468,180.0,0.001,0.0,178.2448622675394,180.0,0.005,-2.321928094887362,180.0,166.60363650756224,0.002,-1.0,180.0,173.7809075969551,0.001,0.0,180.0,178.34813850588822,0.022,-4.459431618637297,165.6459790845954,166.60363650756224,0.004,-2.0,173.35917436062468,173.7809075969551,0.002,-1.0,178.2448622675394,178.34813850588822,0.6436882716049384,0.027,-4.754887502163468,162.66494775398823,180.0,0.007,-2.8073549220576037,171.62453628211037,180.0,0.002,-1.0,177.49694309436205,180.0,0.014,-3.807354922057604,180.0,165.93528835855972,0.004,-2.0,180.0,173.79717310214525,0.002,-1.0,180.0,178.3744726063551,0.202,-7.658211482751795,162.66494775398823,165.93528835855972,0.055,-5.78135971352466,171.62453628211037,173.79717310214525,0.006,-2.584962500721156,177.49694309436205,178.3744726063551
18,0.1,0.0,0.005,7.643856189774724,0.5947222222222223,0.249,-5.638073837180718,162.9404253817478,180.0,0.11,-4.459431618637296,171.05790466327338,180.0,0.036,-2.8479969065549495,176.9498221172947,180.0,0.649,-7.020146573111776,180.0,161.77834639952806,0.351,-6.133399125417198,180.0,170.1903664358684,0.093,-4.217230716220669,180.0,176.58725620164654,0.988,-7.626439136697315,162.9404253817478,161.77834639952806,0.829,-7.373300196608388,171.05790466327338,170.1903664358684,0.288,-5.8479969065549495,176.9498221172947,176.58725620164654,0.6336882716049383,0.019,-1.9259994185562224,166.13981791385405,180.0,0.016,-1.6780719051126374,173.54313590307595,180.0,0.008,-0.6780719051126374,178.2806360489047,180.0,0.059,-3.560714954474479,180.0,167.24532041334555,0.033,-2.7224660244710908,180.0,174.11232666637005,0.014,-1.485426827170241,180.0,178.43935022428633,0.126,-4.655351828612554,166.13981791385405,167.24532041334555,0.053,-3.405992359675836,173.54313590307595,174.11232666637005,0.021,-2.070389327891398,178.2806360489047,178.43935022428633,0.6441203703703704,0.027,-2.4329594072761056,162.914277793648,180.0,0.019,-1.9259994185562224,171.59928371614325,180.0,0.01,-1.0,177.5521115219327,180.0,0.141,-4.81762325751143,180.0,161.85996349110843,0.074,-3.887525270741587,180.0,171.4955516451074,0.029,-2.5360529002402092,180.0,177.59718725567703,0.335,-6.066089190457772,162.914277793648,161.85996349110843,0.141,-4.81762325751143,171.59928371614325,171.4955516451074,0.042,-3.070389327891398,177.5521115219327,177.59718725567703
19,0.1,0.0,0.005,7.643856189774724,0.5983333333333334,0.202,-5.336283387864432,160.1504223856126,180.0,0.068,-3.765534746362977,169.30942219979863,180.0,0.019,-1.9259994185562224,176.17172963862242,180.0,0.437,-6.449561374613236,180.0,162.43916058214197,0.199,-5.314696525656286,180.0,170.49657161830729,0.042,-3.070389327891398,180.0,176.64330564660688,0.959,-7.583458910130768,160.1504223856126,162.43916058214197,0.7,-7.129283016944966,169.30942219979863,170.49657161830729,0.178,-5.153805336079035,176.17172963862242,176.64330564660688,0.4491358024691358,0.005,0.0,179.36892704341446,180.0,0.005,0.0,179.71164602840463,180.0,0.005,0.0,179.92549311514236,180.0,0.005,0.0,180.0,179.2940442277275,0.005,0.0,180.0,179.69164374831553,0.005,0.0,180.0,179.9239392166706,0.004,0.3219280948873626,179.36892704341446,179.2940442277275,0.004,0.3219280948873626,179.71164602840463,179.69164374831553,0.005,0.0,179.92549311514236,179.9239392166706,0.5204475308641975,0.007,-0.4854268271702411,177.3341635133333,180.0,0.005,0.0,178.7471071589541,180.0,0.005,0.0,179.6584295035474,180.0,0.008,-0.6780719051126374,180.0,177.18027009900268,0.005,0.0,180.0,178.766735655283,0.005,0.0,180.0,179.68975181404824,0.021,-2.070389327891398,177.3341635133333,177.18027009900268,0.011,-1.137503523749935,178.7471071589541,178.766735655283,0.005,0.0,179.6584295035474,179.68975181404824
20,0.1,0.0,0.001,9.965784284662089,0.6463271604938271,0.207,-7.693486957499325,151.92191762725912,180.0,0.055,-5.78135971352466,164.62219679371788,180.0,0.009,-3.169925001442312,174.3213949663211,180.0,0.624,-9.285402218862249,180.0,151.87925871145666,0.25,-7.965784284662087,180.0,164.19975408586456,0.039,-5.285402218862249,180.0,173.98332475540764,0.997,-9.961449694398196,151.92191762725912,151.87925871145666,0.851,-9.733015321685963,164.62219679371788,164.19975408586456,0.227,-7.826548487290915,174.3213949663211,173.98332475540764,0.4991820987654322,0.001,0.0,177.48287505552844,180.0,0.001,0.0,178.87795325936008,180.0,0.001,0.0,179.71534171204476,180.0,0.001,0.0,180.0,177.38607584614255,0.001,0.0,180.0,178.84231743762328,0.001,0.0,180.0,179.70947210394647,0.003,-1.584962500721156,177.48287505552844,177.38607584614255,0.001,0.0,178.87795325936008,178.84231743762328,0.001,0.0,179.71534171204476,179.70947210394647,0.5636574074074074,0.004,-2.0,173.03148889124458,180.0,0.002,-1.0,176.7393650996077,180.0,0.001,0.0,179.1113363490121,180.0,0.01,-3.321928094887362,180.0,172.69781836500067,0.003,-1.584962500721156,180.0,176.51366849324427,0.001,0.0,180.0,179.0188303313592,0.062,-5.954196310386875,173.03148889124458,172.69781836500067,0.013,-3.700439718141092,176.7393650996077,176.51366849324427,0.003,-1.584962500721156,179.1113363490121,179.0188303313592
21,0.1,0.0,0.002,8.965784284662087,0.6074074074074074,0.072,-5.169925001442312,162.45754711827584,180.0,0.014,-2.8073549220576037,171.0849748259921,180.0,0.004,-1.0,177.05411834241804,180.0,0.259,-7.016808287686554,180.0,158.99343943592297,0.085,-5.409390936137702,180.0,168.61337908647835,0.01,-2.321928094887362,180.0,175.9575856339055,0.923,-8.850186837645774,162.45754711827584,158.99343943592297,0.499,-7.96289600533726,171.0849748259921,168.61337908647835,0.067,-5.066089190457772,177.05411834241804,175.9575856339055,0.6280401234567901,0.003,-0.5849625007211561,165.60918602425434,180.0,0.002,0.0,173.39635867565502,180.0,0.002,0.0,178.25948061466352,180.0,0.004,-1.0,180.0,165.62521251580975,0.003,-0.5849625007211561,180.0,173.46517639333317,0.002,0.0,180.0,178.2864273524663,0.009,-2.169925001442312,165.60918602425434,165.62521251580975,0.004,-1.0,173.39635867565502,173.46517639333317,0.003,-0.5849625007211561,178.25948061466352,178.2864273524663,0.601141975308642,0.005,-1.3219280948873626,169.46156525169556,180.0,0.004,-1.0,175.3916995771158,180.0,0.002,0.0,178.82087677162318,180.0,0.012,-2.584962500721156,180.0,168.35791473595992,0.005,-1.3219280948873626,180.0,174.45052755154052,0.003,-0.5849625007211561,180.0,178.43933275855133,0.104,-5.700439718141093,169.46156525169556,168.35791473595992,0.026,-3.700439718141092,175.3916995771158,174.45052755154052,0.004,-1.0,178.82087677162318,178.43933275855133
22,0.1,0.0,0.03,5.058893689053568,0.5533333333333332,0.315,-3.39231742277876,168.89549364642468,180.0,0.191,-2.67053823242723,174.15919941335147,180.0,0.105,-1.8073549220576035,178.10802937514333,180.0,0.744,-4.632268215499512,180.0,168.38413352911866,0.482,-4.005998740621443,180.0,174.1179086919066,0.194,-2.693022246578609,180.0,178.15249173620683,0.961,-5.001502025165232,168.89549364642468,168.38413352911866,0.806,-4.747745432919449,174.15919941335147,174.1179086919066,0.369,-3.620586410451877,178.10802937514333,178.15249173620683,0.605679012345679,0.088,-1.5525410230287786,172.49108477064442,180.0,0.067,-1.1591985948492538,176.68247809701444,180.0,0.047,-0.6476982560691189,179.1642963171313,180.0,0.069,-1.2016338611696504,180.0,171.7904484816862,0.055,-0.8744691179161412,180.0,176.12057896331146,0.039,-0.37851162325373,180.0,178.95383934504656,0.158,-2.3968901525685844,172.49108477064442,171.7904484816862,0.096,-1.6780719051126374,176.68247809701444,176.12057896331146,0.059,-0.9757524537533228,179.1642963171313,178.95383934504656,0.6338734567901234,0.114,-1.925999418556223,168.6674645523638,180.0,0.078,-1.3785116232537296,174.88424828823443,180.0,0.052,-0.793549122532573,178.63588254013493,180.0,0.136,-2.180572245641821,180.0,166.47040143879727,0.101,-1.751320887143276,180.0,173.3626516541221,0.068,-1.1805722456418208,180.0,178.0601926674993,0.297,-3.307428525192247,168.6674645523638,166.47040143879727,0.197,-2.7151612238478577,174.88424828823443,173.3626516541221,0.103,-1.7796099315746994,178.63588254013493,178.0601926674993
23,0.1,0.0,0.001,9.965784284662089,0.6220061728395063,0.172,-7.426264754702098,156.47192344274615,180.0,0.064,-6.0,166.6160833764746,180.0,0.01,-3.321928094887362,175.02733661676092,180.0,0.534,-9.060695931687556,180.0,155.85036959822816,0.213,-7.734709620225838,180.0,166.64364783157126,0.037,-5.209453365628949,180.0,174.99488549521553,0.993,-9.955649907528374,156.47192344274615,155.85036959822816,0.826,-9.689997971419444,166.6160833764746,166.64364783157126,0.21,-7.714245517666122,175.02733661676092,174.99488549521553,0.6032870370370371,0.003,-1.584962500721156,166.25223755256476,180.0,0.002,-1.0,173.54629747640965,180.0,0.002,-1.0,178.2697043086844,180.0,0.008,-3.0,180.0,166.1357072962632,0.003,-1.584962500721156,180.0,173.59207711576602,0.002,-1.0,180.0,178.31884298914568,0.017,-4.087462841250339,166.25223755256476,166.1357072962632,0.007,-2.8073549220576037,173.54629747640965,173.59207711576602,0.003,-1.584962500721156,178.2697043086844,178.31884298914568,0.641712962962963,0.009,-3.169925001442312,162.15211643307188,180.0,0.003,-1.584962500721156,171.4554208564697,180.0,0.002,-1.0,177.30961915365916,180.0,0.058,-5.857980995127572,180.0,158.40190943656657,0.021,-4.392317422778761,180.0,168.9987966677178,0.006,-2.584962500721156,180.0,176.3018531631473,0.222,-7.794415866350105,162.15211643307188,158.40190943656657,0.091,-6.507794640198696,171.4554208564697,168.9987966677178,0.015,-3.9068905956085183,177.30961915365916,176.3018531631473
24,0.1,0.0,0.001,9.965784284662089,0.586388888888889,0.075,-6.228818690495881,163.2207591383151,180.0,0.02,-4.321928094887363,170.86149931793418,180.0,0.004,-2.0,176.899657994154,180.0,0.17,-7.409390936137702,180.0,164.0592110651416,0.039,-5.285402218862249,180.0,171.55743162411514,0.006,-2.584962500721156,180.0,177.1200222479639,0.89,-9.79766152585376,163.2207591383151,164.0592110651416,0.459,-8.842350343413807,170.86149931793418,171.55743162411514,0.042,-5.392317422778761,176.899657994154,177.1200222479639,0.580108024691358,0.002,-1.0,171.0923008640351,180.0,0.002,-1.0,175.81649140898995,180.0,0.002,-1.0,178.87160423115012,180.0,0.003,-1.584962500721156,180.0,169.99758298069415,0.003,-1.584962500721156,180.0,175.49060965202756,0.002,-1.0,180.0,178.84485903888944,0.006,-2.584962500721156,171.0923008640351,169.99758298069415,0.003,-1.584962500721156,175.81649140898995,175.49060965202756,0.002,-1.0,178.87160423115012,178.84485903888944,0.5973611111111111,0.004,-2.0,169.3946128627935,180.0,0.002,-1.0,174.54534005074905,180.0,0.002,-1.0,178.31596863202842,180.0,0.003,-1.584962500721156,180.0,170.88614269615104,0.003,-1.584962500721156,180.0,176.17221286367857,0.002,-1.0,180.0,179.04790739327584,0.015,-3.9068905956085183,169.3946128627935,170.88614269615104,0.008,-3.0,174.54534005074905,176.17221286367857,0.003,-1.584962500721156,178.31596863202842,179.04790739327584
25,0.1,0.0,0.001,9.965784284662089,0.5986111111111111,0.319,-8.31741261376487,161.50146041949031,180.0,0.106,-6.727920454563199,170.3696180043303,180.0,0.022,-4.459431618637297,176.77024161614835,180.0,0.388,-8.599912842187127,180.0,163.8891559293383,0.178,-7.475733430966398,180.0,171.33862517054476,0.04,-5.321928094887363,180.0,177.06324300886376,0.971,-9.923327485419192,161.50146041949031,163.8891559293383,0.726,-9.50382573799575,170.3696180043303,171.33862517054476,0.189,-7.562242424221072,176.77024161614835,177.06324300886376,0.5589197530864198,0.005,-2.321928094887362,175.11171761502158,180.0,0.004,-2.0,177.8245344745248,180.0,0.002,-1.0,179.44953701109796,180.0,0.003,-1.584962500721156,180.0,175.55859310913928,0.002,-1.0,180.0,177.9688192874297,0.002,-1.0,180.0,179.4713211204535,0.008,-3.0,175.11171761502158,175.55859310913928,0.005,-2.321928094887362,177.8245344745248,177.9688192874297,0.003,-1.584962500721156,179.44953701109796,179.4713211204535,0.6110339506172839,0.023,-4.523561956057013,167.2987068173516,180.0,0.01,-3.321928094887362,173.4601070488446,180.0,0.004,-2.0,177.9289601140509,180.0,0.007,-2.8073549220576037,180.0,170.07688482815018,0.003,-1.584962500721156,180.0,175.5613565177755,0.002,-1.0,180.0,178.81584390531728,0.078,-6.285402218862249,167.2987068173516,170.07688482815018,0.029,-4.857980995127572,173.4601070488446,175.5613565177755,0.007,-2.8073549220576037,177.9289601140509,178.81584390531728
26,0.1,0.0,0.002,8.965784284662087,0.567253086419753,0.022,-3.4594316186372973,169.6961284323273,180.0,0.01,-2.321928094887362,174.83891370791355,180.0,0.006,-1.584962500721156,178.44863201191805,180.0,0.092,-5.523561956057012,180.0,167.15892904401971,0.025,-3.643856189774725,180.0,173.491347506303,0.008,-2.0,180.0,177.9318240667439,0.59,-8.204571144249204,169.6961284323273,167.15892904401971,0.171,-6.417852514885897,174.83891370791355,173.491347506303,0.018,-3.169925001442312,178.44863201191805,177.9318240667439,0.486327160493827,0.002,0.0,179.7192578351141,180.0,0.002,0.0,179.87659685398114,180.0,0.002,0.0,179.9694414230682,180.0,0.002,0.0,180.0,179.65166276257813,0.002,0.0,180.0,179.84497611614137,0.002,0.0,180.0,179.96111535974322,0.002,0.0,179.7192578351141,179.65166276257813,0.002,0.0,179.87659685398114,179.84497611614137,0.002,0.0,179.9694414230682,179.96111535974322,0.4860030864197531,0.002,0.0,179.42853969644625,180.0,0.002,0.0,179.75747918467815,180.0,0.002,0.0,179.94159295973557,180.0,0.003,-0.5849625007211561,180.0,179.1259594088277,0.003,-0.5849625007211561,180.0,179.63177439885533,0.002,0.0,180.0,179.9106794743023,0.003,-0.5849625007211561,179.42853969644625,179.1259594088277,0.003,-0.5849625007211561,179.75747918467815,179.63177439885533,0.002,0.0,179.94159295973557,179.9106794743023
27,0.1,0.0,0.002,8.965784284662087,0.5773148148148148,0.032,-4.0,169.03914504178266,180.0,0.014,-2.8073549220576037,174.47623883738592,180.0,0.003,-0.5849625007211561,178.26580967163653,180.0,0.153,-6.257387842692651,180.0,166.64241197440057,0.042,-4.392317422778761,180.0,173.3975824291074,0.01,-2.321928094887362,180.0,177.9810411093127,0.602,-8.233619676759702,169.03914504178266,166.64241197440057,0.199,-6.636624620543649,174.47623883738592,173.3975824291074,0.024,-3.584962500721156,178.26580967163653,177.9810411093127,0.5806327160493827,0.003,-0.5849625007211561,174.56987378604853,180.0,0.003,-0.5849625007211561,177.55287664966716,180.0,0.002,0.0,179.37329495236463,180.0,0.004,-1.0,180.0,174.95939566916502,0.003,-0.5849625007211561,180.0,177.74845979625522,0.002,0.0,180.0,179.42840425888704,0.004,-1.0,174.56987378604853,174.95939566916502,0.004,-1.0,177.55287664966716,177.74845979625522,0.003,-0.5849625007211561,179.37329495236463,179.42840425888704,0.5852623456790124,0.003,-0.5849625007211561,175.00084651513697,180.0,0.003,-0.5849625007211561,177.79544655639936,180.0,0.002,0.0,179.432458116086,180.0,0.011,-2.4594316186372973,180.0,173.1417696862066,0.006,-1.584962500721156,180.0,176.74253779587931,0.003,-0.5849625007211561,180.0,179.08932478544727,0.025,-3.643856189774725,175.00084651513697,173.1417696862066,0.01,-2.321928094887362,177.79544655639936,176.74253779587931,0.004,-1.0,179.432458116086,179.08932478544727
28,0.1,0.0,0.006,7.380821783940931,0.6006172839506172,0.094,-3.969626350956481,163.36133568268824,180.0,0.04,-2.7369655941662066,171.01490658295037,180.0,0.022,-1.8744691179161412,176.89258908145064,180.0,0.655,-6.770388595703657,180.0,158.49501529943063,0.295,-5.619608643528047,180.0,169.08863994533274,0.061,-3.3457748368417297,180.0,176.27844903760672,0.975,-7.344295907915817,163.36133568268824,158.49501529943063,0.733,-6.932706887412656,171.01490658295037,169.08863994533274,0.163,-4.763765653509921,176.89258908145064,176.27844903760672,0.6093364197530864,0.018,-1.584962500721156,168.04773573881153,180.0,0.013,-1.1154772174199357,174.45963912741226,180.0,0.01,-0.7369655941662066,178.5335557307902,180.0,0.029,-2.273018494406416,180.0,165.89336408660725,0.019,-1.6629650127224291,180.0,173.60058641246897,0.013,-1.1154772174199357,180.0,178.33853173613153,0.052,-3.1154772174199357,168.04773573881153,165.89336408660725,0.03,-2.321928094887362,174.45963912741226,173.60058641246897,0.017,-1.502500340529183,178.5335557307902,178.33853173613153,0.6275771604938272,0.022,-1.8744691179161412,165.39099469936758,180.0,0.022,-1.8744691179161412,173.4492854068799,180.0,0.012,-1.0,178.24875938400297,180.0,0.102,-4.087462841250339,180.0,157.83634277702325,0.047,-2.9696263509564815,180.0,168.69753840614192,0.021,-1.8073549220576048,180.0,176.45187285089744,0.285,-5.569855608330948,165.39099469936758,157.83634277702325,0.09,-3.9068905956085183,173.4492854068799,168.69753840614192,0.031,-2.369233809665719,178.24875938400297,176.45187285089744
29,0.1,0.0,0.006,7.380821783940931,0.5975925925925926,0.214,-5.15650448567999,161.468457002526,180.0,0.092,-3.938599455335857,170.27476094211116,180.0,0.033,-2.4594316186372973,176.68562420138946,180.0,0.499,-6.377933504616104,180.0,162.51209205833254,0.253,-5.398031073973154,180.0,170.6313673290848,0.06,-3.321928094887362,180.0,176.70626350450522,0.956,-7.315904307259593,161.468457002526,162.51209205833254,0.705,-6.876516946564999,170.27476094211116,170.6313673290848,0.209,-5.1223966313597264,176.68562420138946,176.70626350450522,0.5512191358024691,0.008,-0.4150374992788439,176.7402692527839,180.0,0.008,-0.4150374992788439,178.5256659838543,180.0,0.007,-0.2223924213364476,179.6225362454877,180.0,0.012,-1.0,180.0,177.5525380453181,0.009,-0.5849625007211561,180.0,178.90729267408983,0.009,-0.5849625007211561,180.0,179.72396761641656,0.013,-1.1154772174199357,176.7402692527839,177.5525380453181,0.01,-0.7369655941662066,178.5256659838543,178.90729267408983,0.009,-0.5849625007211561,179.6225362454877,179.72396761641656,0.5699845679012346,0.012,-1.0,175.02691501476446,180.0,0.011,-0.8744691179161412,177.6402060048125,180.0,0.009,-0.5849625007211561,179.35658113299232,180.0,0.025,-2.0588936890535683,180.0,175.86679641067735,0.017,-1.502500340529183,180.0,178.12713121003804,0.01,-0.7369655941662066,180.0,179.51278382962445,0.039,-2.7004397181410926,175.02691501476446,175.86679641067735,0.024,-2.0,177.6402060048125,178.12713121003804,0.012,-1.0,179.35658113299232,179.51278382962445
30,0.1,0.0,0.006,7.380821783940931,0.572932098765432,0.157,-4.709658248170471,167.15897432290643,180.0,0.079,-3.718818247455947,173.3105033823276,180.0,0.032,-2.415037499278844,177.80629177827618,180.0,0.671,-6.805206455479027,180.0,165.3780626369946,0.35,-5.866248611111173,180.0,172.18249106133086,0.109,-4.183221824055771,180.0,177.37923547870284,0.975,-7.344295907915817,167.15897432290643,165.3780626369946,0.758,-6.981091537449935,173.3105033823276,172.18249106133086,0.233,-5.279223643933124,177.80629177827618,177.37923547870284,0.5475308641975309,0.009,-0.5849625007211561,170.1704932031943,180.0,0.007,-0.2223924213364476,175.4943872932554,180.0,0.007,-0.2223924213364476,178.8099594542757,180.0,0.047,-2.9696263509564815,180.0,170.16456993441724,0.03,-2.321928094887362,180.0,175.4390686841514,0.018,-1.584962500721156,180.0,178.7794642256815,0.054,-3.169925001442312,170.1704932031943,170.16456993441724,0.036,-2.584962500721156,175.4943872932554,175.4390686841514,0.018,-1.584962500721156,178.8099594542757,178.7794642256815,0.5714660493827161,0.011,-0.8744691179161412,169.50031052509874,180.0,0.008,-0.4150374992788439,175.5951655856806,180.0,0.007,-0.2223924213364476,178.86216736892996,180.0,0.136,-4.502500340529183,180.0,168.2571243492596,0.089,-3.8907709302452416,180.0,173.7232394309648,0.037,-2.624490864907793,180.0,177.8741025962501,0.147,-4.614709844115208,169.50031052509874,168.2571243492596,0.089,-3.8907709302452416,175.5951655856806,173.7232394309648,0.039,-2.7004397181410926,178.86216736892996,177.8741025962501
31,0.1,0.0,0.001,9.965784284662089,0.6048765432098765,0.073,-6.189824558880018,160.877530256718,180.0,0.018,-4.169925001442312,169.707873982784,180.0,0.001,0.0,176.39533003619994,180.0,0.097,-6.599912842187128,180.0,162.75470144895712,0.021,-4.392317422778761,180.0,171.43960832903994,0.002,-1.0,180.0,177.32235798815995,0.806,-9.654636028527968,160.877530256718,162.75470144895712,0.303,-8.24317398347295,169.707873982784,171.43960832903994,0.029,-4.857980995127572,176.39533003619994,177.32235798815995,0.5152469135802469,0.001,0.0,178.27530214090885,180.0,0.001,0.0,179.2200989457488,180.0,0.001,0.0,179.7988580450961,180.0,0.001,0.0,180.0,178.07479981475524,0.001,0.0,180.0,179.14768559889336,0.001,0.0,180.0,179.7845869427897,0.001,0.0,178.27530214090885,178.07479981475524,0.001,0.0,179.2200989457488,179.14768559889336,0.001,0.0,179.7988580450961,179.7845869427897,0.5763271604938272,0.001,0.0,173.8523401908763,180.0,0.001,0.0,177.12557330093142,180.0,0.001,0.0,179.21467811389817,180.0,0.001,0.0,180.0,174.56644500891534,0.001,0.0,180.0,177.6463725807901,0.001,0.0,180.0,179.40647544915345,0.006,-2.584962500721156,173.8523401908763,174.56644500891534,0.001,0.0,177.12557330093142,177.6463725807901,0.001,0.0,179.21467811389817,179.40647544915345
32,0.1,0.0,0.006,7.380821783940931,0.5752160493827161,0.199,-5.051662119822493,167.31081590505107,180.0,0.08,-3.736965594166206,173.4043029742752,180.0,0.024,-2.0,177.89830387578044,180.0,0.378,-5.977279923499917,180.0,165.78128498991396,0.168,-4.807354922057604,180.0,172.74279023150504,0.04,-2.7369655941662066,180.0,177.66728176910112,0.923,-7.265224336924618,167.31081590505107,165.78128498991396,0.604,-6.6534422386039225,173.4043029742752,172.74279023150504,0.139,-4.5339785720023515,177.89830387578044,177.66728176910112,0.5778240740740741,0.012,-1.0,167.4016793673538,180.0,0.011,-0.8744691179161412,174.02834434187147,180.0,0.009,-0.5849625007211561,178.35904659569948,180.0,0.016,-1.415037499278844,180.0,167.79007478252433,0.01,-0.7369655941662066,180.0,174.48833888657262,0.008,-0.4150374992788439,180.0,178.56496888008218,0.03,-2.321928094887362,167.4016793673538,167.79007478252433,0.018,-1.584962500721156,174.02834434187147,174.48833888657262,0.01,-0.7369655941662066,178.35904659569948,178.56496888008218,0.583179012345679,0.02,-1.7369655941662066,172.06372108355842,180.0,0.013,-1.1154772174199357,176.35409922182308,180.0,0.009,-0.5849625007211561,179.02093928335714,180.0,0.016,-1.415037499278844,180.0,171.39456885150477,0.011,-0.8744691179161412,180.0,176.1679519686856,0.008,-0.4150374992788439,180.0,179.01032546848188,0.059,-3.2976805486406855,172.06372108355842,171.39456885150477,0.029,-2.273018494406416,176.35409922182308,176.1679519686856,0.012,-1.0,179.02093928335714,179.01032546848188
33,0.1,0.0,0.002,8.965784284662087,0.5827160493827162,0.12,-5.906890595608518,167.62916224211423,180.0,0.044,-4.459431618637297,173.83861853757858,180.0,0.015,-2.9068905956085187,178.08341842409365,180.0,0.431,-7.751544059089098,180.0,166.8851673973544,0.175,-6.451211111832329,180.0,173.24154881072448,0.037,-4.209453365628949,180.0,177.83085027319945,0.9,-8.813781191217037,167.62916224211423,166.8851673973544,0.544,-8.087462841250339,173.83861853757858,173.24154881072448,0.11,-5.78135971352466,178.08341842409365,177.83085027319945,0.4879166666666666,0.002,0.0,179.28336064949886,180.0,0.002,0.0,179.68126826051082,180.0,0.002,0.0,179.91981487754396,180.0,0.003,-0.5849625007211561,180.0,179.2483929310046,0.003,-0.5849625007211561,180.0,179.66997625126515,0.003,-0.5849625007211561,180.0,179.9181356244815,0.003,-0.5849625007211561,179.28336064949886,179.2483929310046,0.003,-0.5849625007211561,179.68126826051082,179.66997625126515,0.003,-0.5849625007211561,179.91981487754396,179.9181356244815,0.4336882716049383,0.002,0.0,179.2403289740539,180.0,0.002,0.0,179.65968790682328,180.0,0.002,0.0,179.91374323988327,180.0,0.003,-0.5849625007211561,180.0,179.25820500849127,0.003,-0.5849625007211561,180.0,179.6751869510865,0.003,-0.5849625007211561,180.0,179.91947605837436,0.002,0.0,179.2403289740539,179.25820500849127,0.002,0.0,179.65968790682328,179.6751869510865,0.002,0.0,179.91374323988327,179.91947605837436
34,0.1,0.0,0.001,9.965784284662089,0.5803086419753087,0.072,-6.169925001442312,164.73840682299902,180.0,0.019,-4.247927513443585,172.0288482345173,180.0,0.003,-1.584962500721156,177.38050885685672,180.0,0.241,-7.912889336229961,180.0,163.7676255128707,0.065,-6.022367813028454,180.0,171.38701481103806,0.011,-3.4594316186372973,180.0,177.09541426413762,0.875,-9.77313920671969,164.73840682299902,163.7676255128707,0.461,-8.848622940429339,172.0288482345173,171.38701481103806,0.048,-5.584962500721156,177.38050885685672,177.09541426413762,0.6015123456790124,0.001,0.0,172.7597307974321,180.0,0.001,0.0,176.71157322932876,180.0,0.001,0.0,179.14997069657696,180.0,0.002,-1.0,180.0,172.28335697362613,0.001,0.0,180.0,176.4776222483176,0.001,0.0,180.0,179.0861235356505,0.003,-1.584962500721156,172.7597307974321,172.28335697362613,0.002,-1.0,176.71157322932876,176.4776222483176,0.001,0.0,179.14997069657696,179.0861235356505,0.585108024691358,0.004,-2.0,167.55821316225385,180.0,0.002,-1.0,173.80490621915914,180.0,0.001,0.0,178.0966649948098,180.0,0.005,-2.321928094887362,180.0,168.833269277327,0.002,-1.0,180.0,174.9552078696816,0.001,0.0,180.0,178.62724535756126,0.043,-5.426264754702098,167.55821316225385,168.833269277327,0.012,-3.584962500721156,173.80490621915914,174.9552078696816,0.002,-1.0,178.0966649948098,178.62724535756126
35,0.1,0.0,0.012,6.380821783940931,0.5596296296296297,0.34,-4.824428435416546,168.65044322653492,180.0,0.183,-3.9307373375628862,174.25006830283465,180.0,0.084,-2.807354922057604,178.2151523752226,180.0,0.49,-5.351675438281415,180.0,169.3913086610971,0.272,-4.502500340529183,180.0,174.6339102912702,0.107,-3.156504485679991,180.0,178.32217758198183,0.946,-6.300733872618239,168.65044322653492,169.3913086610971,0.724,-5.91488338636205,174.25006830283465,174.6339102912702,0.258,-4.426264754702098,178.2151523752226,178.32217758198183,0.5415895061728395,0.02,-0.7369655941662066,177.1519319491947,180.0,0.018,-0.5849625007211561,178.72085341370163,180.0,0.014,-0.2223924213364476,179.67469006691212,180.0,0.031,-1.3692338096657188,180.0,177.07983557450132,0.021,-0.8073549220576046,180.0,178.7248494184746,0.018,-0.5849625007211561,180.0,179.6850139618269,0.038,-1.6629650127224291,177.1519319491947,177.07983557450132,0.03,-1.3219280948873626,178.72085341370163,178.7248494184746,0.018,-0.5849625007211561,179.67469006691212,179.6850139618269,0.4954320987654321,0.025,-1.0588936890535685,178.60895233863658,180.0,0.021,-0.8073549220576046,179.37455041330574,180.0,0.015,-0.3219280948873626,179.8405284239869,180.0,0.028,-1.2223924213364477,180.0,178.77894308214823,0.021,-0.8073549220576046,180.0,179.47421314643597,0.018,-0.5849625007211561,180.0,179.87179652691745,0.05,-2.0588936890535683,178.60895233863658,178.77894308214823,0.029,-1.2730184944064158,179.37455041330574,179.47421314643597,0.02,-0.7369655941662066,179.8405284239869,179.87179652691745
36,0.1,0.0,0.001,9.965784284662089,0.6190432098765433,0.176,-7.459431618637297,160.7197146540519,180.0,0.075,-6.228818690495881,169.43247712172615,180.0,0.019,-4.247927513443585,176.22818390673856,180.0,0.55,-9.103287808412022,180.0,156.25933994174306,0.235,-7.876516946564999,180.0,167.7413837236695,0.054,-5.754887502163468,180.0,175.87354975309276,0.978,-9.933690654952231,160.7197146540519,156.25933994174306,0.745,-9.541096615349524,169.43247712172615,167.7413837236695,0.18,-7.491853096329675,176.22818390673856,175.87354975309276,0.6004012345679013,0.011,-3.4594316186372973,165.43729207211246,180.0,0.007,-2.8073549220576037,173.33687375521387,180.0,0.004,-2.0,178.2489078336623,180.0,0.019,-4.247927513443585,180.0,165.3622996739617,0.012,-3.584962500721156,180.0,172.943745370121,0.009,-3.169925001442312,180.0,178.04425024335632,0.065,-6.022367813028454,165.43729207211246,165.3622996739617,0.031,-4.954196310386875,173.33687375521387,172.943745370121,0.012,-3.584962500721156,178.2489078336623,178.04425024335632,0.6120370370370372,0.035,-5.129283016944966,163.0064634884977,180.0,0.012,-3.584962500721156,172.67547841524507,180.0,0.006,-2.584962500721156,178.09189529473275,180.0,0.102,-6.672425341971495,180.0,161.28639550147994,0.048,-5.584962500721156,180.0,170.49176764552604,0.015,-3.9068905956085183,180.0,176.99523590742658,0.361,-8.49585502688717,163.0064634884977,161.28639550147994,0.128,-7.0,172.67547841524507,170.49176764552604,0.031,-4.954196310386875,178.09189529473275,176.99523590742658
37,0.1,0.0,0.001,9.965784284662089,0.6004320987654321,0.043,-5.426264754702098,163.394915468673,180.0,0.009,-3.169925001442312,171.749031988114,180.0,0.001,0.0,177.3505300723963,180.0,0.22,-7.78135971352466,180.0,161.28313748949466,0.05,-5.643856189774724,180.0,170.40620286291193,0.006,-2.584962500721156,180.0,176.9094063838573,0.86,-9.74819284958946,163.394915468673,161.28313748949466,0.374,-8.546894459887637,171.749031988114,170.40620286291193,0.03,-4.906890595608519,177.3505300723963,176.9094063838573,0.5401697530864198,0.001,0.0,177.02921869536706,180.0,0.001,0.0,178.66643089862828,180.0,0.001,0.0,179.65469507990187,180.0,0.001,0.0,180.0,176.9981612944588,0.001,0.0,180.0,178.63584927304214,0.001,0.0,180.0,179.64344097175854,0.001,0.0,177.02921869536706,176.9981612944588,0.001,0.0,178.66643089862828,178.63584927304214,0.001,0.0,179.65469507990187,179.64344097175854,0.5686574074074073,0.001,0.0,177.63446193172882,180.0,0.001,0.0,178.93815713269623,180.0,0.001,0.0,179.7275574949316,180.0,0.001,0.0,180.0,177.38094518759405,0.001,0.0,180.0,178.83880114509364,0.001,0.0,180.0,179.70621640569527,0.001,0.0,177.63446193172882,177.38094518759405,0.001,0.0,178.93815713269623,178.83880114509364,0.001,0.0,179.7275574949316,179.70621640569527
38,0.1,0.0,0.032,4.965784284662087,0.583179012345679,0.359,-3.4878400338230513,166.77230261589008,180.0,0.177,-2.467605550082997,173.4442776319892,180.0,0.079,-1.303780748177103,177.9631963167039,180.0,0.723,-4.497851836951118,180.0,165.77662975280302,0.437,-3.7714894695005983,180.0,173.07050003132565,0.156,-2.2854022188622483,180.0,177.91892997752598,0.974,-4.927777962082342,166.77230261589008,165.77662975280302,0.803,-4.649256177517315,173.4442776319892,173.07050003132565,0.338,-3.4008794362821844,177.9631963167039,177.91892997752598,0.4867592592592592,0.051,-0.6724253419714952,177.47496537572198,180.0,0.043,-0.4262647547020979,178.8815882793892,180.0,0.039,-0.2854022188622487,179.71790656040474,180.0,0.058,-0.8579809951275719,180.0,177.47158717675387,0.049,-0.6147098441152083,180.0,178.88070377424356,0.043,-0.4262647547020979,180.0,179.71814652573244,0.076,-1.2479275134435852,177.47496537572198,177.47158717675387,0.06,-0.9068905956085188,178.8815882793892,178.88070377424356,0.047,-0.5545888516776376,179.71790656040474,179.71814652573244,0.597608024691358,0.074,-1.2094533656289497,171.3072330195575,180.0,0.058,-0.8579809951275719,176.33527632637512,180.0,0.047,-0.5545888516776376,179.09645542458767,180.0,0.13,-2.0223678130284544,180.0,171.57534569334615,0.086,-1.426264754702098,180.0,176.23963695946924,0.056,-0.8073549220576037,180.0,179.02808891416632,0.29,-3.1799090900149345,171.3072330195575,171.57534569334615,0.146,-2.189824558880017,176.33527632637512,176.23963695946924,0.066,-1.0443941193584534,179.09645542458767,179.02808891416632
39,0.1,0.0,0.013,6.265344566520995,0.567067901234568,0.332,-4.674599713205833,167.94840252905527,180.0,0.163,-3.648288436089986,173.71067635179205,180.0,0.07,-2.4288432988038746,177.9657463528466,180.0,0.669,-5.685422682500369,180.0,165.8580372713386,0.392,-4.914270125974117,180.0,172.97224583494688,0.133,-3.354842717360098,180.0,177.82324828362218,0.97,-6.221401218933398,167.94840252905527,165.8580372713386,0.793,-5.930737337562887,173.71067635179205,172.97224583494688,0.315,-4.598768300246187,177.9657463528466,177.82324828362218,0.5200925925925926,0.015,-0.2064508774674269,177.91119824727528,180.0,0.014,-0.1069152039165119,179.07976872820944,180.0,0.014,-0.1069152039165119,179.77012635146335,180.0,0.024,-0.8845227825800643,180.0,177.80089646748073,0.02,-0.6214883767462709,180.0,179.0292387253429,0.017,-0.3870231231092473,180.0,179.7567378391425,0.03,-1.206450877467427,177.91119824727528,177.80089646748073,0.025,-0.9434164716336326,179.07976872820944,179.0292387253429,0.016,-0.2995602818589082,179.77012635146335,179.7567378391425,0.5898765432098766,0.054,-2.0544477840223765,171.55707724017225,180.0,0.039,-1.584962500721157,176.13671003243414,180.0,0.022,-0.7589919004962056,178.96534908680962,180.0,0.101,-2.957771764610703,180.0,171.6731328244708,0.069,-2.4080847386370774,180.0,176.07611968403396,0.037,-1.5090136474878575,180.0,178.91791732398272,0.201,-3.950611973037837,171.55707724017225,171.6731328244708,0.125,-3.2653445665209953,176.13671003243414,176.07611968403396,0.055,-2.080919995383568,178.96534908680962,178.91791732398272
40,0.1,0.0,0.017,5.878321443411748,0.56679012345679,0.359,-4.400377192572712,167.10399268134208,180.0,0.189,-3.4747795829707333,173.41839221361158,180.0,0.066,-1.9569312781081143,177.89628965144,180.0,0.57,-5.067355267801765,180.0,167.82371294537805,0.324,-4.252387161634285,180.0,173.53571532934677,0.127,-2.901221845521827,180.0,177.87819768642888,0.964,-5.825426494979623,167.10399268134208,167.82371294537805,0.771,-5.503124208664695,173.41839221361158,173.53571532934677,0.289,-4.087462841250339,177.89628965144,177.87819768642888,0.5296913580246914,0.019,-0.1604646721932461,174.66252233964968,180.0,0.019,-0.1604646721932461,177.58543343948728,180.0,0.018,-0.082462160191973,179.37765990842885,180.0,0.044,-1.3719687773869582,180.0,174.45799014583426,0.038,-1.160464672193246,180.0,177.4782360235094,0.029,-0.7705181538772328,180.0,179.34618956088482,0.046,-1.436099114806674,174.66252233964968,174.45799014583426,0.036,-1.082462160191973,177.58543343948728,177.4782360235094,0.027,-0.6674246609131291,179.37765990842885,179.34618956088482,0.5678549382716049,0.035,-1.0418201756946273,171.1921572702215,180.0,0.029,-0.7705181538772328,175.82410492782236,180.0,0.021,-0.3048545815284216,178.82625059505455,180.0,0.117,-2.7829018783330652,180.0,169.36034823294776,0.071,-2.0622842782543427,180.0,175.19617229314625,0.038,-1.160464672193246,180.0,178.7162449626253,0.168,-3.304854581528421,171.1921572702215,169.36034823294776,0.103,-2.599037685932879,175.82410492782236,175.19617229314625,0.043,-1.3388019134517588,178.82625059505455,178.7162449626253
41,0.1,0.0,0.324,1.6259342817774622,0.5105555555555557,0.678,-1.0652914602517192,175.0288091614752,180.0,0.567,-0.807354922057604,177.60625230378355,180.0,0.453,-0.4835172371616103,179.32745792332054,180.0,0.829,-1.3553782886111256,180.0,175.51484626387332,0.709,-1.1297918143548913,180.0,177.81356729009138,0.546,-0.7529071380352278,180.0,179.37940607907416,0.969,-1.5805028525304563,175.0288091614752,175.51484626387332,0.855,-1.3999306068886357,177.60625230378355,177.81356729009138,0.661,-1.0286564586230669,179.32745792332054,179.37940607907416,0.6050925925925926,0.266,0.2845675673834351,168.31399822914236,180.0,0.286,0.1799786661062354,174.82695185366416,180.0,0.305,0.0871845704343761,178.69208522639997,180.0,0.538,-0.7316123596719994,180.0,169.03315681426187,0.479,-0.5640318428515554,180.0,174.87276129545103,0.416,-0.3605897152564672,180.0,178.62559370734155,0.453,-0.4835172371616103,168.31399822914236,169.03315681426187,0.411,-0.3431445807970581,174.82695185366416,174.87276129545103,0.372,-0.1993088082234066,178.69208522639997,178.62559370734155,0.6049382716049383,0.242,0.4209867656100301,170.7459362980411,180.0,0.266,0.2845675673834351,176.0414102925052,180.0,0.294,0.1401776580482605,179.00207101336778,180.0,0.479,-0.5640318428515554,180.0,169.87214005466618,0.443,-0.4513128856703936,180.0,175.2756353688424,0.407,-0.3290349813816222,180.0,178.7075410464051,0.357,-0.1399302611444748,170.7459362980411,169.87214005466618,0.36,-0.1520030934450498,176.0414102925052,175.2756353688424,0.345,-0.0906025487809065,179.00207101336778,178.7075410464051
42,0.1,0.0,0.02,5.643856189774724,0.5635802469135803,0.395,-4.303780748177102,167.60910859759545,180.0,0.217,-3.4396231375571165,174.12025103703812,180.0,0.081,-2.017921907997262,178.30087953621765,180.0,0.56,-4.807354922057604,180.0,168.45575741392724,0.322,-4.008988783227254,180.0,173.91872291961238,0.132,-2.7224660244710908,180.0,178.0320046339113,0.971,-5.60139939053183,167.60910859759545,168.45575741392724,0.785,-5.294620748891627,174.12025103703812,173.91872291961238,0.294,-3.877744249949002,178.30087953621765,178.0320046339113,0.5522067901234567,0.026,-0.3785116232537291,175.97239615362636,180.0,0.025,-0.3219280948873617,178.17203054935044,180.0,0.021,-0.070389327891398,179.53024925458138,180.0,0.041,-1.0356239097307212,180.0,176.12213286914806,0.029,-0.5360529002402092,180.0,178.29409824031964,0.028,-0.4854268271702411,180.0,179.57474813153968,0.05,-1.3219280948873615,175.97239615362636,176.12213286914806,0.034,-0.7655347463629765,178.17203054935044,178.29409824031964,0.029,-0.5360529002402092,179.53024925458138,179.57474813153968,0.5491975308641975,0.027,-0.4329594072761056,175.05820645160148,180.0,0.024,-0.2630344058337934,177.64679971082373,180.0,0.022,-0.1375035237499347,179.35031435882104,180.0,0.087,-2.1210154009613653,180.0,174.15241569388135,0.062,-1.6322682154995125,180.0,177.33037962706345,0.04,-1.0,180.0,179.28208453007136,0.112,-2.4854268271702415,175.05820645160148,174.15241569388135,0.075,-1.9068905956085185,177.64679971082373,177.33037962706345,0.04,-1.0,179.35031435882104,179.28208453007136
43,0.1,0.0,0.001,9.965784284662089,0.5964197530864198,0.067,-6.066089190457772,163.71792431233274,180.0,0.018,-4.169925001442312,171.6576877907699,180.0,0.003,-1.584962500721156,177.28919559945098,180.0,0.372,-8.539158811108031,180.0,161.09613074582478,0.124,-6.954196310386875,180.0,169.8075717942941,0.017,-4.087462841250339,180.0,176.40660933386454,0.933,-9.86573327085176,163.71792431233274,161.09613074582478,0.554,-9.113742166049189,171.6576877907699,169.8075717942941,0.074,-6.209453365628949,177.28919559945098,176.40660933386454,0.6578858024691359,0.003,-1.584962500721156,158.2294084110552,180.0,0.003,-1.584962500721156,169.36661666648448,180.0,0.001,0.0,177.004486394665,180.0,0.001,0.0,180.0,157.44627969226656,0.001,0.0,180.0,169.0649067514543,0.001,0.0,180.0,176.9379171743196,0.021,-4.392317422778761,158.2294084110552,157.44627969226656,0.006,-2.584962500721156,169.36661666648448,169.0649067514543,0.002,-1.0,177.004486394665,176.9379171743196,0.6001080246913579,0.005,-2.321928094887362,169.54920056416202,180.0,0.003,-1.584962500721156,175.3575214147189,180.0,0.001,0.0,178.79847541207937,180.0,0.008,-3.0,180.0,169.52841994658056,0.003,-1.584962500721156,180.0,174.8709237772238,0.002,-1.0,180.0,178.50083912913286,0.063,-5.977279923499916,169.54920056416202,169.52841994658056,0.016,-4.0,175.3575214147189,174.8709237772238,0.003,-1.584962500721156,178.79847541207937,178.50083912913286
44,0.1,0.0,0.004,7.965784284662087,0.5991666666666667,0.343,-6.422064766172812,159.41466973609332,180.0,0.141,-5.139551352398794,168.9752169967162,180.0,0.037,-3.2094533656289492,176.15311810682775,180.0,0.484,-6.918863237274595,180.0,161.00881059471007,0.232,-5.857980995127573,180.0,169.71629829957843,0.058,-3.857980995127572,180.0,176.2986705137612,0.986,-7.945443836377912,159.41466973609332,161.00881059471007,0.82,-7.679480099505445,168.9752169967162,169.71629829957843,0.261,-6.027905996569885,176.15311810682775,176.2986705137612,0.4877006172839506,0.005,-0.3219280948873626,178.60022238413765,180.0,0.005,-0.3219280948873626,179.35858289528844,180.0,0.005,-0.3219280948873626,179.8331688421353,180.0,0.005,-0.3219280948873626,180.0,178.44740883378915,0.005,-0.3219280948873626,180.0,179.32325108306011,0.005,-0.3219280948873626,180.0,179.83256296397613,0.007,-0.8073549220576037,178.60022238413765,178.44740883378915,0.005,-0.3219280948873626,179.35858289528844,179.32325108306011,0.005,-0.3219280948873626,179.8331688421353,179.83256296397613,0.5335185185185185,0.011,-1.459431618637297,177.30764892451938,180.0,0.009,-1.1699250014423122,178.77617554995484,180.0,0.005,-0.3219280948873626,179.68076532819828,180.0,0.009,-1.1699250014423122,180.0,177.06989184599163,0.007,-0.8073549220576037,180.0,178.70115198808912,0.005,-0.3219280948873626,180.0,179.6695078059487,0.019,-2.247927513443585,177.30764892451938,177.06989184599163,0.012,-1.584962500721156,178.77617554995484,178.70115198808912,0.008,-1.0,179.68076532819828,179.6695078059487
45,0.1,0.0,0.004,7.965784284662087,0.605462962962963,0.401,-6.647458426454921,157.60386733464017,180.0,0.166,-5.375039431346925,167.86562603079489,180.0,0.04,-3.321928094887362,175.65037631852854,180.0,0.626,-7.290018846932618,180.0,161.42572592806138,0.316,-6.303780748177103,180.0,169.9097160385145,0.077,-4.266786540694902,180.0,176.4786024078998,0.994,-7.957102041562286,157.60386733464017,161.42572592806138,0.89,-7.79766152585376,167.86562603079489,169.9097160385145,0.342,-6.417852514885897,175.65037631852854,176.4786024078998,0.4763580246913581,0.005,-0.3219280948873626,179.25198915691558,180.0,0.004,0.0,179.66893527288693,180.0,0.004,0.0,179.9171377878354,180.0,0.005,-0.3219280948873626,180.0,179.37190386114233,0.005,-0.3219280948873626,180.0,179.72255471314872,0.005,-0.3219280948873626,180.0,179.9307271941304,0.006,-0.5849625007211561,179.25198915691558,179.37190386114233,0.005,-0.3219280948873626,179.66893527288693,179.72255471314872,0.005,-0.3219280948873626,179.9171377878354,179.9307271941304,0.5679166666666666,0.026,-2.7004397181410917,170.594447131319,180.0,0.014,-1.8073549220576035,175.16238439771254,180.0,0.011,-1.459431618637297,178.50701218446645,180.0,0.025,-2.6438561897747244,180.0,172.12849387608446,0.014,-1.8073549220576035,180.0,176.79408146004246,0.011,-1.459431618637297,180.0,179.19765148427467,0.123,-4.94251450533924,170.594447131319,172.12849387608446,0.046,-3.523561956057013,175.16238439771254,176.79408146004246,0.016,-2.0,178.50701218446645,179.19765148427467
46,0.1,0.0,0.001,9.965784284662089,0.6271913580246913,0.042,-5.392317422778761,151.23876277424037,180.0,0.01,-3.321928094887362,164.45210731252135,180.0,0.001,0.0,174.1235353733252,180.0,0.175,-7.451211111832329,180.0,156.3485017404662,0.038,-5.247927513443585,180.0,166.42659848955265,0.002,-1.0,180.0,174.86025353691124,0.958,-9.90388184573618,151.23876277424037,156.3485017404662,0.564,-9.139551352398794,164.45210731252135,166.42659848955265,0.036,-5.169925001442312,174.1235353733252,174.86025353691124,0.6346759259259258,0.001,0.0,161.97353491803636,180.0,0.001,0.0,171.30895006436782,180.0,0.001,0.0,177.5844924146933,180.0,0.001,0.0,180.0,163.31888821709416,0.001,0.0,180.0,172.29288050890838,0.001,0.0,180.0,177.93870561288176,0.006,-2.584962500721156,161.97353491803636,163.31888821709416,0.001,0.0,171.30895006436782,172.29288050890838,0.001,0.0,177.5844924146933,177.93870561288176,0.6203703703703703,0.001,0.0,159.9536992433685,180.0,0.001,0.0,168.4918309313022,180.0,0.001,0.0,175.57543493951815,180.0,0.001,0.0,180.0,165.65769104135714,0.001,0.0,180.0,173.01551350082772,0.001,0.0,180.0,177.9032354720125,0.048,-5.584962500721156,159.9536992433685,165.65769104135714,0.009,-3.169925001442312,168.4918309313022,173.01551350082772,0.001,0.0,175.57543493951815,177.9032354720125
47,0.1,0.0,0.008,6.965784284662087,0.5825925925925926,0.314,-5.294620748891627,163.36177172717578,180.0,0.171,-4.417852514885897,170.9251934166085,180.0,0.059,-2.8826430493618416,176.9167629139118,180.0,0.583,-6.187352073200496,180.0,164.1736301732136,0.314,-5.294620748891627,180.0,171.59044303229783,0.105,-3.7142455176661224,180.0,177.1789320189876,0.992,-6.954196310386875,163.36177172717578,164.1736301732136,0.818,-6.675957032941748,170.9251934166085,171.59044303229783,0.289,-5.174925682500678,176.9167629139118,177.1789320189876,0.5409104938271605,0.024,-1.584962500721156,175.61729728242145,180.0,0.016,-1.0,178.05301541734403,180.0,0.012,-0.5849625007211561,179.50717682453947,180.0,0.026,-1.7004397181410915,180.0,175.03861174651254,0.014,-0.8073549220576037,180.0,177.82579187988193,0.01,-0.3219280948873626,180.0,179.45576078007022,0.042,-2.3923174227787607,175.61729728242145,175.03861174651254,0.031,-1.954196310386875,178.05301541734403,177.82579187988193,0.015,-0.9068905956085188,179.50717682453947,179.45576078007022,0.6247222222222222,0.052,-2.7004397181410917,166.2855679142157,180.0,0.031,-1.954196310386875,173.33996447594666,180.0,0.016,-1.0,177.96311368372344,180.0,0.074,-3.2094533656289497,180.0,168.10719122185046,0.051,-2.672425341971495,180.0,174.0076042115183,0.031,-1.954196310386875,180.0,178.1264871810055,0.232,-4.857980995127573,166.2855679142157,168.10719122185046,0.127,-3.988684686772166,173.33996447594666,174.0076042115183,0.049,-2.6147098441152083,177.96311368372344,178.1264871810055
48,0.1,0.0,0.001,9.965784284662089,0.6012037037037037,0.035,-5.129283016944966,163.0139767176505,180.0,0.007,-2.8073549220576037,171.14899991863666,180.0,0.002,-1.0,176.89237076370478,180.0,0.434,-8.761551232444479,180.0,158.85965004111213,0.14,-7.129283016944966,180.0,168.655984743788,0.014,-3.807354922057604,180.0,176.04639082517636,0.921,-9.847057346091336,163.0139767176505,158.85965004111213,0.529,-9.047123912114026,171.14899991863666,168.655984743788,0.059,-5.882643049361842,176.89237076370478,176.04639082517636,0.5468055555555555,0.001,0.0,177.6893083354478,180.0,0.001,0.0,178.96139931605245,180.0,0.001,0.0,179.73567811228145,180.0,0.002,-1.0,180.0,177.22785854870511,0.002,-1.0,180.0,178.76963197943294,0.001,0.0,180.0,179.69100053806122,0.002,-1.0,177.6893083354478,177.22785854870511,0.002,-1.0,178.96139931605245,178.76963197943294,0.001,0.0,179.73567811228145,179.69100053806122,0.5170987654320989,0.001,0.0,177.6375109864124,180.0,0.001,0.0,178.9486358507403,180.0,0.001,0.0,179.73155375675574,180.0,0.003,-1.584962500721156,180.0,175.29409697078782,0.002,-1.0,180.0,177.78714209644994,0.002,-1.0,180.0,179.38677046001712,0.006,-2.584962500721156,177.6375109864124,175.29409697078782,0.003,-1.584962500721156,178.9486358507403,177.78714209644994,0.002,-1.0,179.73155375675574,179.38677046001712
49,0.1,0.0,0.069,3.857259827883918,0.5372222222222223,0.399,-2.5317204794441768,172.76870762237792,180.0,0.27,-1.9682911402726615,176.50105780265093,180.0,0.148,-1.1009289088507803,178.99606356623417,180.0,0.51,-2.8858289800806887,180.0,173.98221457088755,0.335,-2.2794928285669656,180.0,177.12462215440797,0.188,-1.446064394899468,180.0,179.19219936644694,0.89,-3.689137069075591,172.76870762237792,173.98221457088755,0.661,-3.2599820047295225,176.50105780265093,177.12462215440797,0.312,-2.176877762084079,178.99606356623417,179.19219936644694,0.5226543209876544,0.077,-0.1582620839167323,177.49109121339305,180.0,0.071,-0.0412226627265126,178.87469644499038,180.0,0.07,-0.0207585601667972,179.71429440512054,180.0,0.077,-0.1582620839167323,180.0,178.25735398204955,0.073,-0.081300102101848,180.0,179.22632976959477,0.072,-0.061400544664143,180.0,179.80578819643495,0.078,-0.1768777620840791,177.49109121339305,178.25735398204955,0.075,-0.1202942337177117,178.87469644499038,179.22632976959477,0.073,-0.081300102101848,179.71429440512054,179.80578819643495,0.5366358024691358,0.098,-0.5061853873370392,176.25853515263188,180.0,0.083,-0.2665149745687558,178.32021033524134,180.0,0.075,-0.1202942337177117,179.57204534115303,180.0,0.088,-0.3509071618591282,180.0,177.1033786711022,0.082,-0.2490275478399146,180.0,178.73803389529863,0.076,-0.139403056665416,180.0,179.68821969038845,0.116,-0.7494565383494032,176.25853515263188,177.1033786711022,0.096,-0.4764380439429869,178.32021033524134,178.73803389529863,0.076,-0.139403056665416,179.57204534115303,179.68821969038845
