task,task_label,task_short_label,task_domain,workflow,direction,train_size,source_size,target_size,source_mean,target_mean,mode,statistic,pvalue,reject,source_ess,target_ess,source_max_weight,target_max_weight
heloc,FICO HELOC,HELOC,credit risk,risk,higher,6147,1536,2776,0.43636626327114997,0.8493233843577782,unweighted,0.22023725276042527,0.0001,1.0,1536.0,2776.0,1.0,1.0
heloc,FICO HELOC,HELOC,credit risk,risk,higher,6147,1536,2776,0.43636626327114997,0.8493233843577782,source,0.1156905639299635,0.0001,1.0,310.40113473736886,2775.9999999999995,6.069889192757845,0.9999999999999999
heloc,FICO HELOC,HELOC,credit risk,risk,higher,6147,1536,2776,0.43636626327114997,0.8493233843577782,target,0.16271404242749543,0.0001,1.0,1536.0,337.4992182057786,1.0,12.349055327509673
heloc,FICO HELOC,HELOC,credit risk,risk,higher,6147,1536,2776,0.43636626327114997,0.8493233843577782,both,0.06699155329955811,0.9919,0.0,310.40113473736886,337.4992182057786,6.069889192757845,12.349055327509673
heloc,FICO HELOC,HELOC,credit risk,risk,higher,6147,1536,2776,0.43636626327114997,0.8493233843577782,crump,0.0992805945945029,0.0476,1.0,228.0,269.0,1.0,1.0
heloc,FICO HELOC,HELOC,credit risk,risk,higher,6147,1536,2776,0.43636626327114997,0.8493233843577782,overlap,0.10784403260211481,0.0016,1.0,295.81825686945945,396.71346344712947,7.795149565100909,10.639728932249326
heloc,FICO HELOC,HELOC,credit risk,confidence,lower,6147,1536,2776,3.493420440542786,5.157124863220193,unweighted,0.038124083334174295,1.0,0.0,1536.0,2776.0,1.0,1.0
heloc,FICO HELOC,HELOC,credit risk,confidence,lower,6147,1536,2776,3.493420440542786,5.157124863220193,source,0.04977844227136034,1.0,0.0,310.40113473736886,2775.9999999999995,6.069889192757845,0.9999999999999999
heloc,FICO HELOC,HELOC,credit risk,confidence,lower,6147,1536,2776,3.493420440542786,5.157124863220193,target,0.0878088004564581,0.3152,0.0,1536.0,337.4992182057786,1.0,12.349055327509673
heloc,FICO HELOC,HELOC,credit risk,confidence,lower,6147,1536,2776,3.493420440542786,5.157124863220193,both,0.10244282333785813,0.0216,1.0,310.40113473736886,337.4992182057786,6.069889192757845,12.349055327509673
heloc,FICO HELOC,HELOC,credit risk,confidence,lower,6147,1536,2776,3.493420440542786,5.157124863220193,crump,0.07598827949349013,0.8385,0.0,228.0,269.0,1.0,1.0
heloc,FICO HELOC,HELOC,credit risk,confidence,lower,6147,1536,2776,3.493420440542786,5.157124863220193,overlap,0.06942645265133622,0.9784,0.0,295.81825686945945,396.71346344712947,7.795149565100909,10.639728932249326
heloc,FICO HELOC,HELOC,credit risk,error,higher,6147,1536,2776,0.22436832808920457,0.2034034911233061,unweighted,0.07302348155405841,0.9999,0.0,1536.0,2776.0,1.0,1.0
heloc,FICO HELOC,HELOC,credit risk,error,higher,6147,1536,2776,0.22436832808920457,0.2034034911233061,source,0.0708979708795269,0.9997,0.0,310.40113473736886,2775.9999999999995,6.069889192757845,0.9999999999999999
heloc,FICO HELOC,HELOC,credit risk,error,higher,6147,1536,2776,0.22436832808920457,0.2034034911233061,target,0.07267832086964794,0.958,0.0,1536.0,337.4992182057786,1.0,12.349055327509673
heloc,FICO HELOC,HELOC,credit risk,error,higher,6147,1536,2776,0.22436832808920457,0.2034034911233061,both,0.07266158740561378,0.9409,0.0,310.40113473736886,337.4992182057786,6.069889192757845,12.349055327509673
heloc,FICO HELOC,HELOC,credit risk,error,higher,6147,1536,2776,0.22436832808920457,0.2034034911233061,crump,0.0631411784023086,0.9956,0.0,228.0,269.0,1.0,1.0
heloc,FICO HELOC,HELOC,credit risk,error,higher,6147,1536,2776,0.22436832808920457,0.2034034911233061,overlap,0.06373483954413312,0.9984,0.0,295.81825686945945,396.71346344712947,7.795149565100909,10.639728932249326
diabetes_readmission,Hospital readmission,Readmission,healthcare,risk,higher,26583,6645,4000,0.08399697453081895,0.0875718810940553,unweighted,0.09270303340021888,0.0001,1.0,6645.0,4000.0,1.0,1.0
diabetes_readmission,Hospital readmission,Readmission,healthcare,risk,higher,26583,6645,4000,0.08399697453081895,0.0875718810940553,source,0.08148344218399065,0.6766,0.0,792.4296265070071,4000.0,10.573981869237253,1.0
diabetes_readmission,Hospital readmission,Readmission,healthcare,risk,higher,26583,6645,4000,0.08399697453081895,0.0875718810940553,target,0.0930246237706775,0.0032,1.0,6645.0,641.1010290437399,1.0,10.50202378248146
diabetes_readmission,Hospital readmission,Readmission,healthcare,risk,higher,26583,6645,4000,0.08399697453081895,0.0875718810940553,both,0.08260427316406233,0.5812,0.0,792.4296265070071,641.1010290437399,10.573981869237253,10.50202378248146
diabetes_readmission,Hospital readmission,Readmission,healthcare,risk,higher,26583,6645,4000,0.08399697453081895,0.0875718810940553,crump,0.08657234626793367,0.3128,0.0,445.0,755.0,1.0,1.0
diabetes_readmission,Hospital readmission,Readmission,healthcare,risk,higher,26583,6645,4000,0.08399697453081895,0.0875718810940553,overlap,0.08429702523580165,0.4436,0.0,824.8867645249373,1470.1451473520954,14.339587025522667,5.093127249649128
diabetes_readmission,Hospital readmission,Readmission,healthcare,confidence,lower,26583,6645,4000,5.095720940503651,4.991829302838422,unweighted,0.09271207935937836,0.0001,1.0,6645.0,4000.0,1.0,1.0
diabetes_readmission,Hospital readmission,Readmission,healthcare,confidence,lower,26583,6645,4000,5.095720940503651,4.991829302838422,source,0.08148301685626477,0.668,0.0,792.4296265070071,4000.0,10.573981869237253,1.0
diabetes_readmission,Hospital readmission,Readmission,healthcare,confidence,lower,26583,6645,4000,5.095720940503651,4.991829302838422,target,0.0930353918365376,0.0028,1.0,6645.0,641.1010290437399,1.0,10.50202378248146
diabetes_readmission,Hospital readmission,Readmission,healthcare,confidence,lower,26583,6645,4000,5.095720940503651,4.991829302838422,both,0.08260419848587203,0.5714,0.0,792.4296265070071,641.1010290437399,10.573981869237253,10.50202378248146
diabetes_readmission,Hospital readmission,Readmission,healthcare,confidence,lower,26583,6645,4000,5.095720940503651,4.991829302838422,crump,0.08657234626793367,0.3102,0.0,445.0,755.0,1.0,1.0
diabetes_readmission,Hospital readmission,Readmission,healthcare,confidence,lower,26583,6645,4000,5.095720940503651,4.991829302838422,overlap,0.08429691270921866,0.4292,0.0,824.8867645249373,1470.1451473520954,14.339587025522667,5.093127249649128
diabetes_readmission,Hospital readmission,Readmission,healthcare,error,higher,26583,6645,4000,0.07488984429144117,0.07685016079393964,unweighted,0.0910356005748566,0.0002,1.0,6645.0,4000.0,1.0,1.0
diabetes_readmission,Hospital readmission,Readmission,healthcare,error,higher,26583,6645,4000,0.07488984429144117,0.07685016079393964,source,0.08195279264329453,0.6472,0.0,792.4296265070071,4000.0,10.573981869237253,1.0
diabetes_readmission,Hospital readmission,Readmission,healthcare,error,higher,26583,6645,4000,0.07488984429144117,0.07685016079393964,target,0.09289857366917915,0.0041,1.0,6645.0,641.1010290437399,1.0,10.50202378248146
diabetes_readmission,Hospital readmission,Readmission,healthcare,error,higher,26583,6645,4000,0.07488984429144117,0.07685016079393964,both,0.08468937151153352,0.4117,0.0,792.4296265070071,641.1010290437399,10.573981869237253,10.50202378248146
diabetes_readmission,Hospital readmission,Readmission,healthcare,error,higher,26583,6645,4000,0.07488984429144117,0.07685016079393964,crump,0.08193066032991408,0.6324,0.0,445.0,755.0,1.0,1.0
diabetes_readmission,Hospital readmission,Readmission,healthcare,error,higher,26583,6645,4000,0.07488984429144117,0.07685016079393964,overlap,0.0799615840025828,0.7699,0.0,824.8867645249373,1470.1451473520954,14.339587025522667,5.093127249649128
acsincome,ACS income,Income,socioeconomic screening,risk,higher,30000,4000,4000,0.6799415227990958,0.6512457968943408,unweighted,0.08435481020690234,0.3222,0.0,4000.0,4000.0,1.0,1.0
acsincome,ACS income,Income,socioeconomic screening,risk,higher,30000,4000,4000,0.6799415227990958,0.6512457968943408,source,0.09449624637998788,0.0001,1.0,1703.7258337829724,4000.0,4.7740535752249444,1.0
acsincome,ACS income,Income,socioeconomic screening,risk,higher,30000,4000,4000,0.6799415227990958,0.6512457968943408,target,0.0801201936323952,0.8777,0.0,4000.0,1500.7927208717258,1.0,4.15892666547496
acsincome,ACS income,Income,socioeconomic screening,risk,higher,30000,4000,4000,0.6799415227990958,0.6512457968943408,both,0.09019446207899462,0.0241,1.0,1703.7258337829724,1500.7927208717258,4.7740535752249444,4.15892666547496
acsincome,ACS income,Income,socioeconomic screening,risk,higher,30000,4000,4000,0.6799415227990958,0.6512457968943408,crump,0.0836949134661607,0.4648,0.0,1937.0,1486.0,1.0,1.0
acsincome,ACS income,Income,socioeconomic screening,risk,higher,30000,4000,4000,0.6799415227990958,0.6512457968943408,overlap,0.08329945253044135,0.5196,0.0,2514.808477659753,2018.7272948127163,2.348463725489683,2.8910314835962367
acsincome,ACS income,Income,socioeconomic screening,confidence,lower,30000,4000,4000,4.2751521592357555,4.489883361472207,unweighted,0.08094119544967773,0.8785,0.0,4000.0,4000.0,1.0,1.0
acsincome,ACS income,Income,socioeconomic screening,confidence,lower,30000,4000,4000,4.2751521592357555,4.489883361472207,source,0.08020649165972121,0.8855,0.0,1703.7258337829724,4000.0,4.7740535752249444,1.0
acsincome,ACS income,Income,socioeconomic screening,confidence,lower,30000,4000,4000,4.2751521592357555,4.489883361472207,target,0.07975135868823431,0.9022,0.0,4000.0,1500.7927208717258,1.0,4.15892666547496
acsincome,ACS income,Income,socioeconomic screening,confidence,lower,30000,4000,4000,4.2751521592357555,4.489883361472207,both,0.07896991892790055,0.9131,0.0,1703.7258337829724,1500.7927208717258,4.7740535752249444,4.15892666547496
acsincome,ACS income,Income,socioeconomic screening,confidence,lower,30000,4000,4000,4.2751521592357555,4.489883361472207,crump,0.07773080679033215,0.9639,0.0,1937.0,1486.0,1.0,1.0
acsincome,ACS income,Income,socioeconomic screening,confidence,lower,30000,4000,4000,4.2751521592357555,4.489883361472207,overlap,0.07808950725951276,0.9728,0.0,2514.808477659753,2018.7272948127163,2.348463725489683,2.8910314835962367
acsincome,ACS income,Income,socioeconomic screening,error,higher,30000,4000,4000,0.12417959792344749,0.13521903875710933,unweighted,0.08681423450876172,0.0551,0.0,4000.0,4000.0,1.0,1.0
acsincome,ACS income,Income,socioeconomic screening,error,higher,30000,4000,4000,0.12417959792344749,0.13521903875710933,source,0.08678314088931154,0.1177,0.0,1703.7258337829724,4000.0,4.7740535752249444,1.0
acsincome,ACS income,Income,socioeconomic screening,error,higher,30000,4000,4000,0.12417959792344749,0.13521903875710933,target,0.08780365191893194,0.0695,0.0,4000.0,1500.7927208717258,1.0,4.15892666547496
acsincome,ACS income,Income,socioeconomic screening,error,higher,30000,4000,4000,0.12417959792344749,0.13521903875710933,both,0.0876818195057724,0.1105,0.0,1703.7258337829724,1500.7927208717258,4.7740535752249444,4.15892666547496
acsincome,ACS income,Income,socioeconomic screening,error,higher,30000,4000,4000,0.12417959792344749,0.13521903875710933,crump,0.0832365091282832,0.5213,0.0,1937.0,1486.0,1.0,1.0
acsincome,ACS income,Income,socioeconomic screening,error,higher,30000,4000,4000,0.12417959792344749,0.13521903875710933,overlap,0.08471657245530485,0.3271,0.0,2514.808477659753,2018.7272948127163,2.348463725489683,2.8910314835962367
acspubcov,ACS public coverage,Coverage,public benefits screening,risk,higher,30000,4000,4000,0.23422424484923104,0.4092907409814557,unweighted,0.1686543062967461,0.0001,1.0,4000.0,4000.0,1.0,1.0
acspubcov,ACS public coverage,Coverage,public benefits screening,risk,higher,30000,4000,4000,0.23422424484923104,0.4092907409814557,source,0.11869795305845943,0.0001,1.0,1025.440182334676,4000.0,7.427064672383244,1.0
acspubcov,ACS public coverage,Coverage,public benefits screening,risk,higher,30000,4000,4000,0.23422424484923104,0.4092907409814557,target,0.1550460872509128,0.0001,1.0,4000.0,1181.982243885317,1.0,3.6349057271576855
acspubcov,ACS public coverage,Coverage,public benefits screening,risk,higher,30000,4000,4000,0.23422424484923104,0.4092907409814557,both,0.10648811195300094,0.0001,1.0,1025.440182334676,1181.982243885317,7.427064672383244,3.6349057271576855
acspubcov,ACS public coverage,Coverage,public benefits screening,risk,higher,30000,4000,4000,0.23422424484923104,0.4092907409814557,crump,0.18649394525243823,0.0001,1.0,1112.0,312.0,1.0,1.0
acspubcov,ACS public coverage,Coverage,public benefits screening,risk,higher,30000,4000,4000,0.23422424484923104,0.4092907409814557,overlap,0.18248709598092738,0.0001,1.0,1566.1189025946987,465.4615278994514,3.9091976320808093,13.17216349308598
acspubcov,ACS public coverage,Coverage,public benefits screening,confidence,lower,30000,4000,4000,3.1999893800538923,2.234944683600439,unweighted,0.12972283127364845,0.0001,1.0,4000.0,4000.0,1.0,1.0
acspubcov,ACS public coverage,Coverage,public benefits screening,confidence,lower,30000,4000,4000,3.1999893800538923,2.234944683600439,source,0.0952068875365222,0.0006,1.0,1025.440182334676,4000.0,7.427064672383244,1.0
acspubcov,ACS public coverage,Coverage,public benefits screening,confidence,lower,30000,4000,4000,3.1999893800538923,2.234944683600439,target,0.1249460732020185,0.0001,1.0,4000.0,1181.982243885317,1.0,3.6349057271576855
acspubcov,ACS public coverage,Coverage,public benefits screening,confidence,lower,30000,4000,4000,3.1999893800538923,2.234944683600439,both,0.09185443409355781,0.0245,1.0,1025.440182334676,1181.982243885317,7.427064672383244,3.6349057271576855
acspubcov,ACS public coverage,Coverage,public benefits screening,confidence,lower,30000,4000,4000,3.1999893800538923,2.234944683600439,crump,0.12737109502411031,0.0001,1.0,1112.0,312.0,1.0,1.0
acspubcov,ACS public coverage,Coverage,public benefits screening,confidence,lower,30000,4000,4000,3.1999893800538923,2.234944683600439,overlap,0.13088952434871454,0.0001,1.0,1566.1189025946987,465.4615278994514,3.9091976320808093,13.17216349308598
acspubcov,ACS public coverage,Coverage,public benefits screening,error,higher,30000,4000,4000,0.14347069615276162,0.22603945334312198,unweighted,0.1293895251025332,0.0001,1.0,4000.0,4000.0,1.0,1.0
acspubcov,ACS public coverage,Coverage,public benefits screening,error,higher,30000,4000,4000,0.14347069615276162,0.22603945334312198,source,0.11215149890203396,0.0001,1.0,1025.440182334676,4000.0,7.427064672383244,1.0
acspubcov,ACS public coverage,Coverage,public benefits screening,error,higher,30000,4000,4000,0.14347069615276162,0.22603945334312198,target,0.1329556812480132,0.0001,1.0,4000.0,1181.982243885317,1.0,3.6349057271576855
acspubcov,ACS public coverage,Coverage,public benefits screening,error,higher,30000,4000,4000,0.14347069615276162,0.22603945334312198,both,0.1179136716501404,0.0001,1.0,1025.440182334676,1181.982243885317,7.427064672383244,3.6349057271576855
acspubcov,ACS public coverage,Coverage,public benefits screening,error,higher,30000,4000,4000,0.14347069615276162,0.22603945334312198,crump,0.12410024014595698,0.0001,1.0,1112.0,312.0,1.0,1.0
acspubcov,ACS public coverage,Coverage,public benefits screening,error,higher,30000,4000,4000,0.14347069615276162,0.22603945334312198,overlap,0.12705556837874432,0.0001,1.0,1566.1189025946987,465.4615278994514,3.9091976320808093,13.17216349308598
